created_at,entry_id,pm2_5,pm10,temp,trysnia,lageshtira,alarm_status
2019-09-24 20:36:25 CEST,1,6.4,18,23.2,99833,91.87,0
2019-09-24 20:37:19 CEST,2,6.5,19,23.2,99835,91.87,0
2019-09-24 20:38:13 CEST,3,6.5,19,23.2,99831,91.78,0
2019-09-24 20:39:07 CEST,4,6.4,19.4,25.4,99837,91.78,0
2019-09-24 20:40:01 CEST,5,6.4,19.7,24,99832,91.78,0
2019-09-24 20:40:55 CEST,6,6.4,19.6,23.6,99836,91.64,0
2019-09-24 20:41:49 CEST,7,6.4,19.5,23.5,99838,91.64,0
2019-09-24 20:42:43 CEST,8,6.5,19.9,23.5,99844,91.64,0
2019-09-24 20:43:37 CEST,9,6.5,20,23.5,99842,91.64,0
2019-09-24 20:44:31 CEST,10,6.5,19.5,23.4,99833,91.64,0
2019-09-24 20:45:25 CEST,11,6.4,19.3,23.3,99838,91.55,0
2019-09-24 20:46:19 CEST,12,6.3,18.6,23.3,99824,91.55,0
2019-09-24 20:47:22 CEST,13,5.3,16,23.3,99835,91.55,0
2019-09-24 20:48:16 CEST,14,5.3,16,23.3,99841,91.55,0
2019-09-24 20:49:10 CEST,15,5.3,15.8,23.3,99842,91.55,0
2019-09-24 20:50:04 CEST,16,5.3,15.1,23.4,99848,91.5,0
2019-09-24 20:50:58 CEST,17,5.4,16,23.5,99842,91.5,0
2019-09-24 20:51:52 CEST,18,5.3,15.7,23.5,99851,91.5,0
2019-09-24 20:52:46 CEST,19,5.4,16.3,23.4,99845,91.5,0
2019-09-24 20:53:40 CEST,20,5.4,16.2,23.5,99860,91.45,0
2019-09-24 20:54:34 CEST,21,5.4,16.3,23.4,99859,91.45,0
2019-09-24 20:55:28 CEST,22,5.5,16.3,23.4,99854,91.45,0
2019-09-24 20:56:22 CEST,23,5.5,16.1,23.4,99866,91.38,0
2019-09-24 20:57:16 CEST,24,5.5,15.6,23.3,99859,91.38,0
2019-09-24 20:58:10 CEST,25,5.5,16.8,23.3,99847,91.38,0
2019-09-24 20:59:04 CEST,26,5.6,16,23.4,99857,91.38,0
2019-09-24 20:59:58 CEST,27,5.6,15.9,23.4,99850,91.38,0
2019-09-24 21:00:52 CEST,28,5.7,15.5,23.3,99848,91.32,0
2019-09-24 21:01:45 CEST,29,5.7,16.1,23.3,99865,91.32,0
2019-09-24 21:02:39 CEST,30,5.7,17.2,23.2,99854,91.32,0
2019-09-24 21:03:33 CEST,31,5.7,18,23.1,99850,91.32,0
2019-09-24 21:04:27 CEST,32,5.8,18.8,23,99856,91.32,0
2019-09-24 21:05:21 CEST,33,5.8,19.2,23.1,99850,91.26,0
2019-09-24 21:06:15 CEST,34,5.8,19.2,23,99857,91.26,0
2019-09-24 21:07:09 CEST,35,5.9,18.8,23,99859,91.26,0
2019-09-24 21:08:03 CEST,36,5.9,19.2,23.1,99863,91.26,0
2019-09-24 21:09:00 CEST,37,6.1,20.1,23.2,99853,91.26,1
2019-09-24 21:09:57 CEST,38,6,20.4,23.3,99859,91.21,1
2019-09-24 21:10:54 CEST,39,6,20.3,26.7,99864,91.21,1
2019-09-24 21:11:51 CEST,40,6.1,20.1,23.7,99869,91.21,1
2019-09-24 21:12:45 CEST,41,6.1,19.5,23.6,99869,91.21,0
2019-09-24 21:13:39 CEST,42,6.1,19.7,23.5,99863,91.2,0
2019-09-24 21:14:33 CEST,43,6,19.7,23.6,99865,91.2,0
2019-09-24 21:15:27 CEST,44,6,19.2,23.5,99866,91.2,0
2019-09-24 21:16:21 CEST,45,6.1,19.4,23.4,99877,91.18,0
2019-09-24 21:17:15 CEST,46,6,19.9,23.2,99854,91.18,0
2019-09-24 21:18:09 CEST,47,5.9,18.9,23.2,99866,91.18,0
2019-09-24 21:19:03 CEST,48,5.9,19,23.3,99862,91.18,0
2019-09-24 21:19:57 CEST,49,5.9,19.4,23.2,99868,91.12,0
2019-09-24 21:20:54 CEST,50,6,20.5,23.2,99862,91.12,1
2019-09-24 21:21:52 CEST,51,6,20.6,23.1,99860,91.12,1
2019-09-24 21:22:49 CEST,52,5.9,20.9,23.1,99862,91.12,1
2019-09-24 21:23:46 CEST,53,6,21,23.1,99868,91.12,1
2019-09-24 21:24:43 CEST,54,6.1,21.1,23.1,99863,91.05,1
2019-09-24 21:25:40 CEST,55,6,20.1,23.2,99871,91.05,1
2019-09-24 21:26:34 CEST,56,5.9,19.7,23.2,99883,91.05,0
2019-09-24 21:27:27 CEST,57,5.9,19.7,23.2,99880,91.05,0
2019-09-24 21:28:24 CEST,58,5.9,22.2,23.2,99875,90.94,1
2019-09-24 21:29:21 CEST,59,5.9,21.8,23.2,99887,90.94,1
2019-09-24 21:30:18 CEST,60,5.9,20.6,23.2,99880,90.94,1
2019-09-24 21:31:15 CEST,61,6,20.7,23.1,99881,90.94,1
2019-09-24 21:32:12 CEST,62,5.9,20.1,23.1,99904,90.88,1
2019-09-24 21:33:06 CEST,63,6,19.7,23.1,99880,90.88,0
2019-09-24 21:34:03 CEST,64,5.9,20.3,23.1,99886,90.88,1
2019-09-24 21:34:57 CEST,65,5.9,20,23,99877,90.88,0
2019-09-24 21:35:51 CEST,66,5.9,19.8,23,99883,90.88,0
2019-09-24 21:36:45 CEST,67,5.8,18.8,23,99884,90.81,0
2019-09-24 21:37:39 CEST,68,5.8,18.6,22.9,99881,90.81,0
2019-09-24 21:38:33 CEST,69,5.9,19.9,23,99880,90.81,0
2019-09-24 21:39:27 CEST,70,5.9,19.9,22.9,99883,90.76,0
2019-09-24 21:40:20 CEST,71,6,20,22.9,99881,90.76,0
2019-09-24 21:41:14 CEST,72,6,19.9,22.9,99881,90.76,0
2019-09-24 21:42:11 CEST,73,6,20.1,22.9,99872,90.71,1
2019-09-24 21:43:08 CEST,74,6,20.1,23.1,99878,90.71,1
2019-09-24 21:44:05 CEST,75,6,20.6,23.1,99880,90.71,1
2019-09-24 21:45:02 CEST,76,6.1,20.5,23.1,99881,90.71,1
2019-09-24 21:45:59 CEST,77,6.1,20.7,23.2,99869,90.68,1
2019-09-24 21:46:56 CEST,78,6,20.7,23.1,99875,90.68,1
2019-09-24 21:47:50 CEST,79,6.1,19.6,23.1,99886,90.68,0
2019-09-24 21:48:44 CEST,80,6,18.6,23.2,99878,90.68,0
2019-09-24 21:49:38 CEST,81,6,18.5,23.2,99878,90.68,0
2019-09-24 21:50:32 CEST,82,6.1,18.7,23.2,99874,90.62,0
2019-09-24 21:51:26 CEST,83,6.1,18.8,23.2,99872,90.62,0
2019-09-24 21:52:20 CEST,84,6,18.8,23.2,99877,90.62,0
2019-09-24 21:53:13 CEST,85,6.1,18.7,23.1,99862,90.62,0
2019-09-24 21:54:07 CEST,86,6.1,18.9,23,99872,90.62,0
2019-09-24 21:55:01 CEST,87,6.1,18.9,23,99874,90.59,0
2019-09-24 21:55:55 CEST,88,6,16.3,23,99869,90.59,0
2019-09-24 21:56:49 CEST,89,6.1,16.2,22.9,99874,90.59,0
2019-09-24 21:57:43 CEST,90,6.1,17.1,23,99868,90.59,0
2019-09-24 21:58:37 CEST,91,6,17.3,23,99868,90.51,0
2019-09-24 21:59:31 CEST,92,6,17.2,23,99868,90.51,0
2019-09-24 22:00:25 CEST,93,6,17.4,23,99863,90.51,0
2019-09-24 22:01:19 CEST,94,6,16.4,23,99866,90.51,0
2019-09-24 22:02:14 CEST,95,6.1,16.7,23,99868,90.47,0
2019-09-24 22:03:07 CEST,96,6.1,17.1,23,99865,90.47,0
2019-09-24 22:04:01 CEST,97,6.1,16.8,23,99854,90.47,0
2019-09-24 22:04:55 CEST,98,6.2,16.7,23.1,99859,90.47,0
2019-09-24 22:05:49 CEST,99,6.1,15.1,23.1,99850,90.4,0
2019-09-24 22:06:43 CEST,100,6.1,16.5,23.1,99850,90.4,0
2019-09-24 22:07:37 CEST,101,6,15.8,23.1,99857,91.87,0
2019-09-24 22:08:31 CEST,102,6,16.1,23.1,99859,91.87,0
2019-09-24 22:09:25 CEST,103,6,15.7,23,99865,91.87,0
2019-09-24 22:10:19 CEST,104,6.1,16.4,23,99856,91.78,0
2019-09-24 22:11:13 CEST,105,6,15.5,23.1,99857,91.78,0
2019-09-24 22:12:07 CEST,106,6.1,15.2,23.3,99850,91.78,0
2019-09-24 22:13:00 CEST,107,6.1,15,23.3,99854,91.64,0
2019-09-24 22:13:54 CEST,108,6,15.1,23.3,99856,91.64,0
2019-09-24 22:14:48 CEST,109,6,14.8,23.2,99845,91.64,0
2019-09-24 22:15:42 CEST,110,6,14.7,23.1,99848,91.64,0
2019-09-24 22:16:37 CEST,111,6,14.6,23.1,99859,91.64,0
2019-09-24 22:17:31 CEST,112,5.9,15.5,23.1,99863,91.55,0
2019-09-24 22:18:25 CEST,113,5.8,15.4,23.1,99857,91.55,0
2019-09-24 22:19:19 CEST,114,5.8,16.3,23.2,99856,91.55,0
2019-09-24 22:20:13 CEST,115,5.8,16.3,23.1,99860,91.55,0
2019-09-24 22:21:07 CEST,116,5.8,16.4,23.1,99856,91.55,0
2019-09-24 22:22:02 CEST,117,5.8,16.6,23.1,99854,91.5,0
2019-09-24 22:22:56 CEST,118,5.9,16.6,23.1,99847,91.5,0
2019-09-24 22:23:50 CEST,119,5.8,16.7,23.1,99856,91.5,0
2019-09-24 22:24:44 CEST,120,5.8,16,23.1,99854,91.5,0
2019-09-24 22:25:38 CEST,121,5.8,14.7,23.1,99859,91.45,0
2019-09-24 22:26:31 CEST,122,5.9,15.4,23.1,99865,91.45,0
2019-09-24 22:27:26 CEST,123,5.9,16.3,23.1,99866,91.45,0
2019-09-24 22:28:20 CEST,124,5.9,16.5,23,99869,91.38,0
2019-09-24 22:29:14 CEST,125,5.9,16.5,23,99877,91.38,0
2019-09-24 22:30:08 CEST,126,5.9,16.8,23,99868,91.38,0
2019-09-24 22:31:02 CEST,127,5.9,16.9,23.1,99866,91.38,0
2019-09-24 22:31:56 CEST,128,5.8,17.5,23.1,99869,91.38,0
2019-09-24 22:32:50 CEST,129,5.8,18.6,23.1,99868,91.32,0
2019-09-24 22:33:44 CEST,130,5.8,17,23.2,99860,91.32,0
2019-09-24 22:34:38 CEST,131,5.8,18.1,23.2,99874,91.32,0
2019-09-24 22:35:32 CEST,132,5.7,17.4,23.1,99872,91.32,0
2019-09-24 22:36:26 CEST,133,5.8,18.5,23.1,99875,91.32,0
2019-09-24 22:37:20 CEST,134,5.8,18.3,23.1,99877,91.26,0
2019-09-24 22:38:14 CEST,135,5.8,18.2,23.1,99883,91.26,0
2019-09-24 22:39:08 CEST,136,5.7,18.3,23.1,99868,91.26,0
2019-09-24 22:40:02 CEST,137,5.7,19,23.1,99883,91.26,0
2019-09-24 22:40:56 CEST,138,5.7,18.9,23.1,99874,91.26,0
2019-09-24 22:41:50 CEST,139,5.8,19,23.1,99878,91.21,0
2019-09-24 22:42:44 CEST,140,5.8,19.5,23,99883,91.21,0
2019-09-24 22:43:38 CEST,141,5.8,19.3,23.1,99880,91.21,0
2019-09-24 22:44:31 CEST,142,5.9,18.1,23.2,99878,91.21,0
2019-09-24 22:45:25 CEST,143,5.9,18.7,23.3,99878,91.2,0
2019-09-24 22:46:19 CEST,144,5.9,18,23.4,99880,91.2,0
2019-09-24 22:47:13 CEST,145,5.9,19.1,23.3,99889,91.2,0
2019-09-24 22:48:10 CEST,146,5.9,20.4,23.3,99896,91.18,1
2019-09-24 22:49:07 CEST,147,6.1,23.2,23.2,99892,91.18,1
2019-09-24 22:50:04 CEST,148,6.1,24,23.2,99890,91.18,1
2019-09-24 22:51:01 CEST,149,6.1,23.9,23.1,99914,91.18,1
2019-09-24 22:51:58 CEST,150,6.1,23.7,23.1,99889,91.12,1
2019-09-24 22:52:55 CEST,151,6.2,24.4,23.1,99883,91.12,1
2019-09-24 22:53:52 CEST,152,6.2,23.9,23.1,99881,91.12,1
2019-09-24 22:54:48 CEST,153,6.2,23.5,23,99875,91.12,1
2019-09-24 22:55:45 CEST,154,6.2,24.8,23,99884,91.12,1
2019-09-24 22:56:42 CEST,155,6.1,25.7,22.9,99892,91.05,1
2019-09-24 22:57:39 CEST,156,6.2,25.4,22.9,99893,91.05,1
2019-09-24 22:58:36 CEST,157,6.3,26.7,22.8,99880,91.05,1
2019-09-24 22:59:33 CEST,158,6.4,26,22.7,99892,91.05,1
2019-09-24 23:00:30 CEST,159,6.4,26,22.8,99884,90.94,1
2019-09-24 23:01:27 CEST,160,6.5,27.3,22.9,99887,90.94,1
2019-09-24 23:02:24 CEST,161,6.6,26.8,22.9,99895,90.94,1
2019-09-24 23:03:21 CEST,162,6.7,26.9,22.8,99889,90.94,1
2019-09-24 23:04:18 CEST,163,6.6,26.1,22.9,99896,90.88,1
2019-09-24 23:05:15 CEST,164,6.6,25.9,22.8,99887,90.88,1
2019-09-24 23:06:12 CEST,165,6.7,26.2,22.8,99887,90.88,1
2019-09-24 23:07:09 CEST,166,6.8,26.8,22.9,99899,90.88,1
2019-09-24 23:08:06 CEST,167,6.8,26.2,22.9,99884,90.88,1
2019-09-24 23:09:03 CEST,168,6.8,27.5,22.9,99893,90.81,1
2019-09-24 23:10:00 CEST,169,6.8,27.7,22.9,99895,90.81,1
2019-09-24 23:10:57 CEST,170,6.8,27.4,23,99893,90.81,1
2019-09-24 23:11:54 CEST,171,6.8,27.6,23,99886,90.76,1
2019-09-24 23:12:50 CEST,172,6.8,27.5,23,99883,90.76,1
2019-09-24 23:13:47 CEST,173,6.8,27.4,22.9,99877,90.76,1
2019-09-24 23:14:44 CEST,174,6.9,27.1,22.9,99890,90.71,1
2019-09-24 23:15:41 CEST,175,6.8,26.1,22.7,99884,90.71,1
2019-09-24 23:16:38 CEST,176,6.8,24.6,22.6,99893,90.71,1
2019-09-24 23:17:36 CEST,177,6.7,21.8,22.5,99889,90.71,1
2019-09-24 23:18:33 CEST,178,6.6,21.6,22.5,99877,90.68,1
2019-09-24 23:19:29 CEST,179,6.6,21.5,22.4,99876,90.68,1
2019-09-24 23:20:26 CEST,180,6.6,21.5,22.5,99887,90.68,1
2019-09-24 23:21:23 CEST,181,6.6,21.1,22,99880,90.68,1
2019-09-24 23:22:20 CEST,182,6.6,21.7,22.4,99877,90.68,1
2019-09-24 23:23:17 CEST,183,6.6,21.1,22.4,99887,90.62,1
2019-09-24 23:24:14 CEST,184,6.5,20.2,22.4,99886,90.62,1
2019-09-24 23:25:08 CEST,185,6.6,19.4,22.5,99876,90.62,0
2019-09-24 23:26:02 CEST,186,6.5,19.1,22.5,99895,90.62,0
2019-09-24 23:26:56 CEST,187,6.4,18.3,22.5,99890,90.62,0
2019-09-24 23:27:50 CEST,188,6.4,18.3,22.6,99890,90.59,0
2019-09-24 23:28:44 CEST,189,6.4,17.8,22.6,99899,90.59,0
2019-09-24 23:29:38 CEST,190,6.3,17.4,22.6,99901,90.59,0
2019-09-24 23:30:32 CEST,191,6.2,17.1,22.6,99898,90.59,0
2019-09-24 23:31:26 CEST,192,6.2,17,22.6,99904,90.51,0
2019-09-24 23:32:20 CEST,193,6.1,17.1,22.6,99901,90.51,0
2019-09-24 23:33:14 CEST,194,6.1,17,22.7,99902,90.51,0
2019-09-24 23:34:08 CEST,195,6,16.7,22.7,99905,90.51,0
2019-09-24 23:35:02 CEST,196,6,15.9,22.7,99907,90.47,0
2019-09-24 23:35:56 CEST,197,6,16.4,22.7,99901,90.47,0
2019-09-24 23:36:50 CEST,198,6,16.2,22.6,99913,90.47,0
2019-09-24 23:37:45 CEST,199,6,16.1,22.6,99899,90.47,0
2019-09-24 23:38:39 CEST,200,6,16.4,22.6,99913,90.4,0
2019-09-24 23:39:33 CEST,201,6,16.2,22.5,99893,90.4,0
2019-09-24 23:40:27 CEST,202,6,16.1,22.5,99904,90.4,0
2019-09-24 23:41:21 CEST,203,6,15.6,22.5,99895,90.4,0
2019-09-24 23:42:14 CEST,204,6,15.6,22.5,99901,90.33,0
2019-09-24 23:43:08 CEST,205,6,16.3,22.5,99889,90.33,0
2019-09-24 23:44:02 CEST,206,6,16.3,22.4,99881,90.33,0
2019-09-24 23:44:56 CEST,207,6.1,17.7,22.5,99881,90.33,0
2019-09-24 23:45:50 CEST,208,6,17.2,22.5,99886,90.26,0
2019-09-24 23:46:44 CEST,209,6.1,17.9,22.5,99867,90.26,0
2019-09-24 23:47:38 CEST,210,6.1,18.5,22.5,99880,90.26,0
2019-09-24 23:48:32 CEST,211,6.1,18.4,22.4,99870,90.26,0
2019-09-24 23:49:26 CEST,212,6.1,17.7,22.5,99871,90.26,0
2019-09-24 23:50:20 CEST,213,6.1,17.7,22.4,99870,90.19,0
2019-09-24 23:51:14 CEST,214,6.1,17.2,22.4,99871,90.19,0
2019-09-24 23:52:08 CEST,215,6.2,17.1,22.3,99867,90.19,0
2019-09-24 23:53:02 CEST,216,6.2,17.8,22.3,99870,90.19,0
2019-09-24 23:53:56 CEST,217,6.3,17.6,22.3,99877,90.19,0
2019-09-24 23:54:49 CEST,218,6.2,18.4,22.3,99873,90.11,0
2019-09-24 23:55:43 CEST,219,6.2,18.7,22.3,99871,90.11,0
2019-09-24 23:56:37 CEST,220,6.2,18.9,22.2,99883,90.11,0
2019-09-24 23:57:31 CEST,221,6.2,19,22.2,99880,90.11,0
2019-09-24 23:58:25 CEST,222,6.2,19.5,22.2,99877,90.11,0
2019-09-24 23:59:19 CEST,223,6.2,20,22.2,99874,90.03,0
2019-09-25 00:00:16 CEST,224,6.3,20.5,22.3,99879,90.03,1
2019-09-25 00:01:13 CEST,225,6.3,20.7,22.5,99878,90.03,1
2019-09-25 00:02:10 CEST,226,6.2,20.9,22.4,99886,90.03,1
2019-09-25 00:03:07 CEST,227,6.1,20.5,22.3,99868,90.03,1
2019-09-25 00:04:01 CEST,228,6,19.6,22.3,99880,89.92,0
2019-09-25 00:04:55 CEST,229,6.1,19.7,22.3,99885,89.92,0
2019-09-25 00:05:48 CEST,230,6.1,19.8,22.3,99886,89.92,0
2019-09-25 00:06:42 CEST,231,6.1,20,22.3,99896,89.92,0
2019-09-25 00:07:36 CEST,232,6.1,19.9,22.3,99889,89.85,0
2019-09-25 00:08:33 CEST,233,6.1,21.1,22.2,99895,89.85,1
2019-09-25 00:09:30 CEST,234,6.1,21.6,22.2,99899,89.85,1
2019-09-25 00:10:27 CEST,235,6.1,21.5,22.3,99895,89.85,1
2019-09-25 00:11:24 CEST,236,6,22.7,22.3,99899,89.85,1
2019-09-25 00:12:21 CEST,237,6,21.5,22.3,99901,89.78,1
2019-09-25 00:13:18 CEST,238,6.1,22,22.3,99919,89.78,1
2019-09-25 00:14:15 CEST,239,6.1,21.6,22.2,99893,89.78,1
2019-09-25 00:15:12 CEST,240,6.2,21.2,22.2,99898,89.78,1
2019-09-25 00:16:09 CEST,241,6.3,21.2,22.2,99904,89.78,1
2019-09-25 00:17:06 CEST,242,6.2,21.2,22.1,99890,89.69,1
2019-09-25 00:18:03 CEST,243,6.2,21.1,22.1,99892,89.69,1
2019-09-25 00:18:59 CEST,244,6.3,21.3,22.1,99898,89.69,1
2019-09-25 00:19:56 CEST,245,6.2,20.9,22.2,99885,89.69,1
2019-09-25 00:20:53 CEST,246,6.1,20.3,22.1,99899,89.69,1
2019-09-25 00:21:50 CEST,247,6,20.2,22.1,99904,89.6,1
2019-09-25 00:22:47 CEST,248,6.1,21.2,22.1,99898,89.6,1
2019-09-25 00:23:44 CEST,249,6.1,20.1,22.1,99904,89.6,1
2019-09-25 00:24:38 CEST,250,6,19.7,22.2,99902,89.6,0
2019-09-25 00:25:32 CEST,251,6,19.1,22.1,99907,89.51,0
2019-09-25 00:26:26 CEST,252,6,18.6,22.1,99902,89.51,0
2019-09-25 00:27:20 CEST,253,6.1,18.7,22.1,99895,89.51,0
2019-09-25 00:28:14 CEST,254,6.1,18.3,22,99904,89.51,0
2019-09-25 00:29:08 CEST,255,6.1,19.3,22,99904,89.52,0
2019-09-25 00:30:01 CEST,256,6.2,19,22,99907,89.44,0
2019-09-25 00:30:55 CEST,257,6.2,18.9,22,99901,89.44,0
2019-09-25 00:31:49 CEST,258,6.2,18.7,22,99904,89.44,0
2019-09-25 00:32:43 CEST,259,6.3,18.9,22.1,99893,89.44,0
2019-09-25 00:33:37 CEST,260,6.3,18.9,22,99893,89.36,0
2019-09-25 00:34:31 CEST,261,6.3,19.8,22.1,99898,89.36,0
2019-09-25 00:35:25 CEST,262,6.3,19.8,22.1,99892,89.36,0
2019-09-25 00:36:19 CEST,263,6.3,19.1,22,99896,89.36,0
2019-09-25 00:37:13 CEST,264,6.4,19.1,22.1,99898,89.28,0
2019-09-25 00:38:07 CEST,265,6.3,18.6,22,99904,89.28,0
2019-09-25 00:39:01 CEST,266,6.5,17.7,22.1,99901,89.28,0
2019-09-25 00:39:55 CEST,267,6.5,18.3,22.1,99904,89.28,0
2019-09-25 00:40:48 CEST,268,6.5,18.3,22.1,99901,89.28,0
2019-09-25 00:41:42 CEST,269,6.4,18.1,22.2,99901,89.28,0
2019-09-25 00:42:36 CEST,270,6.3,17.8,22.2,99904,89.19,0
2019-09-25 00:43:30 CEST,271,6.3,18.6,22.2,99899,89.19,0
2019-09-25 00:44:24 CEST,272,6.3,18.5,22.2,99899,89.19,0
2019-09-25 00:45:18 CEST,273,6.3,19.3,22.3,99907,89.19,0
2019-09-25 00:46:12 CEST,274,6.2,19.2,22.3,99908,89.19,0
2019-09-25 00:47:06 CEST,275,6.2,19.7,22.3,99899,89.1,0
2019-09-25 00:48:00 CEST,276,6.2,19.7,22.3,99908,89.1,0
2019-09-25 00:48:57 CEST,277,6.2,20.1,22.2,99904,89.1,1
2019-09-25 00:49:51 CEST,278,6.3,18.4,22.2,99907,89.1,0
2019-09-25 00:50:45 CEST,279,6.3,18.5,22.3,99907,89.1,0
2019-09-25 00:51:39 CEST,280,6.3,18,22.3,99917,89.03,0
2019-09-25 00:52:33 CEST,281,6.4,18.3,22.3,99911,89.03,0
2019-09-25 00:53:26 CEST,282,6.4,18.3,22.3,99914,89.03,0
2019-09-25 00:54:20 CEST,283,6.4,17.6,22.3,99917,89.03,0
2019-09-25 00:55:14 CEST,284,6.3,17.5,22.3,99911,89.03,0
2019-09-25 00:56:08 CEST,285,6.3,16.3,22.4,99913,89.03,0
2019-09-25 00:57:02 CEST,286,6.3,16,22.4,99916,89.03,0
2019-09-25 00:57:56 CEST,287,6.3,16.2,22.4,99917,88.98,0
2019-09-25 00:58:50 CEST,288,6.3,16.5,22.4,99908,88.98,0
2019-09-25 00:59:44 CEST,289,6.3,16.2,22.4,99917,88.98,0
2019-09-25 01:00:38 CEST,290,6.3,16.4,22.4,99917,88.98,0
2019-09-25 01:01:32 CEST,291,6.2,15.5,22.4,99919,88.98,0
2019-09-25 01:02:25 CEST,292,6.2,15.6,22.4,99923,88.98,0
2019-09-25 01:03:19 CEST,293,6.2,15.1,22.4,99919,88.93,0
2019-09-25 01:04:13 CEST,294,6.2,14.8,22.4,99914,88.93,0
2019-09-25 01:05:11 CEST,295,6.3,14.9,22.4,99925,88.93,0
2019-09-25 01:06:05 CEST,296,6.2,14.5,22.4,99920,88.93,0
2019-09-25 01:06:58 CEST,297,6.2,14.1,22.4,99929,88.93,0
2019-09-25 01:07:52 CEST,298,6.2,13.6,22.4,99943,88.93,0
2019-09-25 01:08:46 CEST,299,6.2,13.8,22.4,99926,88.88,0
2019-09-25 01:09:41 CEST,300,6.2,13.7,22.4,99920,88.88,0
2019-09-26 19:37:05 CEST,301,14.7,28.3,24.3,100178,88.88,1
2019-09-26 19:38:02 CEST,302,14.8,28.4,24.3,100179,88.88,1
2019-09-26 19:38:59 CEST,303,14.8,28.7,24.3,100176,88.88,1
2019-09-26 19:39:56 CEST,304,14.8,28.2,24.3,100182,88.88,1
2019-09-26 19:40:53 CEST,305,14.6,27.6,24.3,100187,88.88,1
2019-09-26 19:41:50 CEST,306,14.6,27.6,24.4,100178,88.8,1
2019-09-26 19:42:48 CEST,307,14.7,28,24.4,100190,88.8,1
2019-09-26 19:43:44 CEST,308,14.8,28,24.4,100182,88.8,1
2019-09-26 19:44:41 CEST,309,14.7,27.8,24.3,100179,88.8,1
2019-09-26 19:45:38 CEST,310,14.7,28.1,24.3,100185,88.8,1
2019-09-26 19:46:36 CEST,311,14.7,28.7,24.3,100179,88.8,1
2019-09-26 19:47:32 CEST,312,14.7,28,24.3,100178,88.8,1
2019-09-26 19:48:30 CEST,313,14.7,28.2,24.3,100178,88.8,1
2019-09-26 19:49:27 CEST,314,14.7,28.4,24,100179,88.77,1
2019-09-26 19:50:24 CEST,315,14.5,27.2,23.7,100180,88.77,1
2019-09-26 19:51:20 CEST,316,14.4,26.1,23.5,100183,88.77,1
2019-09-26 19:52:18 CEST,317,14.4,25.7,31.4,100204,88.77,1
2019-09-26 19:53:15 CEST,318,14.4,26.4,25,100198,88.77,1
2019-09-26 19:54:12 CEST,319,14.5,26.4,24.1,100184,88.77,1
2019-09-26 19:55:09 CEST,320,14.3,26.3,23.6,100185,88.77,1
2019-09-26 19:56:06 CEST,321,14.2,26.4,23.4,100189,88.71,1
2019-09-26 19:57:03 CEST,322,14.1,26.7,23.4,100182,88.71,1
2019-09-26 19:58:00 CEST,323,14.2,26.7,23.5,100189,88.71,1
2019-09-26 19:58:57 CEST,324,14.3,26.4,23.5,100191,88.71,1
2019-09-26 19:59:54 CEST,325,14.4,27.3,23.6,100189,88.71,1
2019-09-26 20:00:51 CEST,326,14.5,27.2,23.6,100200,88.71,1
2019-09-26 20:01:48 CEST,327,14.5,27.3,23.6,100185,88.66,1
2019-09-26 20:02:45 CEST,328,14.5,27.1,23.6,100189,88.66,1
2019-09-26 20:03:42 CEST,329,14.4,27.1,23.6,100182,88.66,1
2019-09-26 20:04:39 CEST,330,14.5,27.8,23.7,100179,88.66,1
2019-09-26 20:05:36 CEST,331,14.5,27.5,23.7,100194,88.66,1
2019-09-26 20:06:33 CEST,332,14.5,27.1,23.7,100189,88.66,1
2019-09-26 20:07:30 CEST,333,14.5,26.5,23.7,100183,88.66,1
2019-09-26 20:08:27 CEST,334,14.4,26.4,23.6,100189,88.59,1
2019-09-26 20:09:24 CEST,335,14.3,26.9,23.6,100188,88.59,1
2019-09-26 20:10:21 CEST,336,14.3,26.6,23.5,100188,88.59,1
2019-09-26 20:11:18 CEST,337,14.2,26.5,23.5,100198,88.59,1
2019-09-26 20:12:15 CEST,338,14.2,26.5,23.5,100198,88.59,1
2019-09-26 20:13:12 CEST,339,14.2,27.4,23.4,100189,88.59,1
2019-09-26 20:14:10 CEST,340,14,26.7,23.5,100192,88.59,1
2019-09-26 20:15:07 CEST,341,14,26.3,23.4,100194,88.51,1
2019-09-26 20:16:04 CEST,342,13.9,26.2,23.4,100192,88.51,1
2019-09-26 20:17:01 CEST,343,13.9,26.7,23.4,100191,88.51,1
2019-09-26 20:17:58 CEST,344,13.9,27,23.3,100200,88.51,1
2019-09-26 20:18:55 CEST,345,13.9,27,23.3,100203,88.51,1
2019-09-26 20:19:52 CEST,346,13.9,27.4,23.4,100201,88.51,1
2019-09-26 20:20:49 CEST,347,14,28.2,23.3,100207,88.51,1
2019-09-26 20:21:46 CEST,348,13.8,27.4,23.4,100204,88.51,1
2019-09-26 20:22:43 CEST,349,13.7,28.3,23.3,100203,88.47,1
2019-09-26 20:23:40 CEST,350,13.9,28.7,23.3,100210,88.47,1
2019-09-26 20:24:37 CEST,351,13.8,28.3,23.4,100215,88.47,1
2019-09-26 20:25:34 CEST,352,13.9,27.9,23.4,100209,88.47,1
2019-09-26 20:26:31 CEST,353,13.9,27.5,23.4,100204,88.42,1
2019-09-26 20:27:28 CEST,354,13.7,27.8,23.5,100207,88.42,1
2019-09-26 20:28:25 CEST,355,13.7,27.8,23.5,100215,88.42,1
2019-09-26 20:29:22 CEST,356,13.6,28.1,23.5,100210,88.42,1
2019-09-26 20:30:19 CEST,357,13.5,27.7,23.5,100222,88.42,1
2019-09-26 20:31:16 CEST,358,13.5,27.8,23.5,100206,88.42,1
2019-09-26 20:32:13 CEST,359,13.4,27.4,23.5,100215,88.38,1
2019-09-26 20:33:10 CEST,360,13.3,26.8,23.5,100221,88.38,1
2019-09-26 20:34:07 CEST,361,13.2,26.9,23.5,100216,88.38,1
2019-09-26 20:35:04 CEST,362,13.2,27.7,23.4,100224,88.38,1
2019-09-26 20:36:01 CEST,363,13.1,28.8,23.4,100224,88.38,1
2019-09-26 20:36:58 CEST,364,13,28.8,23.3,100225,88.32,1
2019-09-26 20:37:55 CEST,365,12.9,28.5,23.3,100216,88.32,1
2019-09-26 20:38:52 CEST,366,12.8,28.9,23.3,100222,88.32,1
2019-09-26 20:39:50 CEST,367,12.8,28.9,23.3,100234,88.32,1
2019-09-26 20:40:47 CEST,368,12.8,29.7,23.3,100216,88.32,1
2019-09-26 20:41:44 CEST,369,12.8,27.8,23.3,100213,88.32,1
2019-09-26 20:42:41 CEST,370,12.7,27.5,23.3,100227,88.32,1
2019-09-26 20:43:38 CEST,371,12.8,28.3,23.3,100227,88.25,1
2019-09-26 20:44:35 CEST,372,12.7,28.1,23.3,100228,88.25,1
2019-09-26 20:45:32 CEST,373,12.6,27.8,23.4,100219,88.25,1
2019-09-26 20:46:29 CEST,374,12.5,27.6,23.4,100224,88.25,1
2019-09-26 20:47:26 CEST,375,12.5,28.6,23.4,100219,88.25,1
2019-09-26 20:48:23 CEST,376,12.6,29.3,23.4,100222,88.25,1
2019-09-26 20:49:20 CEST,377,12.6,29.5,23.4,100216,88.25,1
2019-09-26 20:50:17 CEST,378,12.7,30,23.4,100230,88.18,1
2019-09-26 20:51:14 CEST,379,12.7,29,23.4,100228,88.18,1
2019-09-26 20:52:11 CEST,380,12.6,28.5,23.3,100228,88.18,1
2019-09-26 20:53:08 CEST,381,12.6,28.5,23.3,100225,88.18,1
2019-09-26 20:54:05 CEST,382,12.5,28.4,23.2,100228,88.18,1
2019-09-26 20:55:02 CEST,383,12.5,28.8,23.1,100234,88.18,1
2019-09-26 20:55:59 CEST,384,12.6,28.3,23.1,100224,88.09,1
2019-09-26 20:56:56 CEST,385,12.5,28.2,23.1,100230,88.09,1
2019-09-26 20:57:53 CEST,386,12.6,28.3,23.1,100230,88.09,1
2019-09-26 20:58:50 CEST,387,12.7,28.5,23.1,100231,88.09,1
2019-09-26 20:59:47 CEST,388,12.7,28.4,23.1,100231,88.09,1
2019-09-26 21:00:45 CEST,389,12.7,28.2,23,100228,88.01,1
2019-09-26 21:01:42 CEST,390,12.7,28.9,23,100231,88.01,1
2019-09-26 21:02:39 CEST,391,12.7,28.6,23,100229,88.01,1
2019-09-26 21:03:36 CEST,392,12.7,27.7,23,100234,88.01,1
2019-09-26 21:04:33 CEST,393,12.8,28,23,100232,88.01,1
2019-09-26 21:05:30 CEST,394,12.9,27.9,23,100238,88.01,1
2019-09-26 21:06:27 CEST,395,12.9,27.8,23.1,100222,88,1
2019-09-26 21:07:24 CEST,396,13.1,27.9,23,100241,88,1
2019-09-26 21:08:21 CEST,397,13,28.5,23,100232,88,1
2019-09-26 21:09:18 CEST,398,12.9,27.4,23,100246,88,1
2019-09-26 21:10:15 CEST,399,12.8,27.3,23,100232,88,1
2019-09-26 21:11:12 CEST,400,12.9,27.1,23,100246,88,1
2019-09-26 21:12:09 CEST,401,12.8,26,23,100243,87.8,1
2019-09-26 21:13:06 CEST,402,12.8,26.5,22.9,100235,87.8,1
2019-09-26 21:14:03 CEST,403,12.9,26.6,22.9,100237,87.8,1
2019-09-26 21:15:00 CEST,404,12.8,25.9,22.9,100244,87.8,1
2019-09-26 21:15:57 CEST,405,12.7,24.5,22.9,100246,87.8,1
2019-09-26 21:16:54 CEST,406,12.7,24.8,22.9,100246,87.8,1
2019-09-26 21:17:51 CEST,407,12.6,24.4,22.9,100244,87.8,1
2019-09-26 21:18:48 CEST,408,12.6,24.7,22.9,100241,87.8,1
2019-09-26 21:19:45 CEST,409,12.7,25.1,22.8,100252,87.8,1
2019-09-26 21:20:42 CEST,410,12.7,25.3,22.8,100246,87.6,1
2019-09-26 21:21:39 CEST,411,12.7,25,22.7,100249,87.6,1
2019-09-26 21:22:36 CEST,412,12.6,24.8,22.7,100256,87.6,1
2019-09-26 21:23:33 CEST,413,12.6,24.5,22.8,100253,87.6,1
2019-09-26 21:24:30 CEST,414,12.6,24.5,22.9,100253,87.6,1
2019-09-26 21:25:27 CEST,415,12.5,24.3,22.9,100250,87.6,1
2019-09-26 21:26:25 CEST,416,12.4,23.6,22.9,100249,87.6,1
2019-09-26 21:27:22 CEST,417,12.4,24,22.9,100247,87.7,1
2019-09-26 21:28:19 CEST,418,12.5,24.5,22.9,100255,87.7,1
2019-09-26 21:29:16 CEST,419,12.6,26.9,22.9,100246,87.6,1
2019-09-26 21:30:13 CEST,420,12.6,26.4,22.9,100249,87.6,1
2019-09-26 21:31:10 CEST,421,12.6,26.8,22.9,100250,87.5,1
2019-09-26 21:32:07 CEST,422,12.6,27.2,23,100265,87.5,1
2019-09-26 21:33:04 CEST,423,12.6,26.3,22.9,100246,87.5,1
2019-09-26 21:34:01 CEST,424,12.7,26.7,22.9,100250,87.5,1
2019-09-26 21:34:58 CEST,425,12.9,26.7,22.9,100256,87.5,1
2019-09-26 21:35:55 CEST,426,12.7,26.4,22.9,100253,87.5,1
2019-09-26 21:36:53 CEST,427,12.8,25.9,22.8,100259,87.5,1
2019-09-26 21:37:50 CEST,428,12.8,26.1,22.8,100264,87.4,1
2019-09-26 21:38:47 CEST,429,13.1,27.4,22.8,100249,87.4,1
2019-09-26 21:39:44 CEST,430,13.1,28.7,22.8,100244,87.4,1
2019-09-26 21:40:41 CEST,431,13.1,28.6,22.9,100259,87.5,1
2019-09-26 21:41:38 CEST,432,13.1,28.9,22.9,100256,87.5,1
2019-09-26 21:42:35 CEST,433,13.1,29.5,22.9,100261,87.4,1
2019-09-26 21:43:32 CEST,434,13.3,30.9,22.9,100264,87.4,1
2019-09-26 21:44:29 CEST,435,13.4,31.5,22.9,100261,87.4,1
2019-09-26 21:45:26 CEST,436,13.5,30.7,22.8,100262,87.3,1
2019-09-26 21:46:23 CEST,437,13.5,31.6,22.8,100268,87.3,1
2019-09-26 21:47:20 CEST,438,13.4,30.6,22.8,100261,87.3,1
2019-09-26 21:48:17 CEST,439,13.4,30.8,22.8,100262,87.3,1
2019-09-26 21:49:14 CEST,440,13.4,31.5,22.9,100256,87.3,1
2019-09-26 21:50:11 CEST,441,13.4,32,22.9,100265,87.3,1
2019-09-26 21:51:08 CEST,442,13.5,32.3,22.9,100258,87.3,1
2019-09-26 21:52:05 CEST,443,13.6,33.3,22.9,100265,87.1,1
2019-09-26 21:53:03 CEST,444,13.6,33.3,22.9,100264,87.1,1
2019-09-26 21:54:00 CEST,445,13.5,32.8,22.9,100265,87.1,1
2019-09-26 21:54:56 CEST,446,13.6,32.7,22.9,100276,87.1,1
2019-09-26 21:55:54 CEST,447,13.4,31.9,22.9,100270,87.1,1
2019-09-26 21:56:51 CEST,448,13.3,31.8,23,100265,87.1,1
2019-09-26 21:57:48 CEST,449,13.5,29.8,23.1,100271,87.1,1
2019-09-26 21:58:45 CEST,450,13.4,30.2,23.1,100265,87.1,1
2019-09-26 21:59:42 CEST,451,13.4,30.4,23.1,100271,87,1
2019-09-26 22:00:39 CEST,452,13.4,30.3,23.2,100270,87,1
2019-09-26 22:01:36 CEST,453,13.3,30.5,23.1,100271,87,1
2019-09-26 22:02:33 CEST,454,13.3,30,23.1,100264,87,1
2019-09-26 22:03:30 CEST,455,13.2,29.7,23.1,100273,87.1,1
2019-09-26 22:04:27 CEST,456,13.2,29.9,23.1,100268,87.1,1
2019-09-26 22:05:24 CEST,457,13.2,30.2,23.1,100274,87.1,1
2019-09-26 22:06:21 CEST,458,13.2,30.6,23.1,100273,87.1,1
2019-09-26 22:07:18 CEST,459,13.1,29.8,23.1,100274,87,1
2019-09-26 22:08:15 CEST,460,13.1,28.6,23.1,100280,87,1
2019-09-26 22:09:12 CEST,461,13.2,28.7,23,100271,87,1
2019-09-26 22:10:09 CEST,462,13.3,28.2,23,100277,87,1
2019-09-26 22:11:06 CEST,463,13.2,27.7,22.8,100271,87,1
2019-09-26 22:12:03 CEST,464,13,26.4,22.8,100267,86.9,1
2019-09-26 22:13:00 CEST,465,13,26.1,22.8,100273,86.9,1
2019-09-26 22:13:57 CEST,466,12.8,25.9,22.8,100273,86.9,1
2019-09-26 22:14:54 CEST,467,12.9,25.1,22.8,100279,86.9,1
2019-09-26 22:15:51 CEST,468,13,25.1,22.8,100279,86.9,1
2019-09-26 22:16:48 CEST,469,13,25.6,22.7,100277,86.8,1
2019-09-26 22:17:45 CEST,470,13.1,25.1,22.7,100280,86.8,1
2019-09-26 22:18:43 CEST,471,13.2,24.7,22.7,100282,86.8,1
2019-09-26 22:19:40 CEST,472,13.1,24.7,22.7,100280,86.8,1
2019-09-26 22:20:37 CEST,473,13.1,24.5,22.7,100273,86.7,1
2019-09-26 22:21:34 CEST,474,13.3,25.8,22.7,100277,86.7,1
2019-09-26 22:22:31 CEST,475,13.3,26.4,22.8,100274,86.7,1
2019-09-26 22:23:28 CEST,476,13.4,26.8,22.9,100279,86.7,1
2019-09-26 22:24:25 CEST,477,13.4,27.4,23,100277,86.7,1
2019-09-26 22:25:22 CEST,478,13.5,27.1,23.1,100276,86.7,1
2019-09-26 22:26:19 CEST,479,13.5,27.1,23.1,100280,86.7,1
2019-09-26 22:27:16 CEST,480,13.5,26.3,23,100283,86.6,1
2019-09-26 22:28:13 CEST,481,13.5,25.6,23,100288,86.6,1
2019-09-26 22:29:10 CEST,482,13.5,25.6,22.9,100283,86.6,1
2019-09-26 22:30:07 CEST,483,13.6,25.3,22.9,100282,86.6,1
2019-09-26 22:31:04 CEST,484,13.6,25.2,22.9,100283,86.6,1
2019-09-26 22:32:01 CEST,485,13.7,26.7,22.8,100293,86.5,1
2019-09-26 22:32:58 CEST,486,13.8,27,22.8,100288,86.5,1
2019-09-26 22:33:55 CEST,487,13.8,26.6,22.8,100291,86.5,1
2019-09-26 22:34:52 CEST,488,13.9,26.5,22.8,100286,86.5,1
2019-09-26 22:35:49 CEST,489,13.8,26.9,22.7,100283,86.5,1
2019-09-26 22:36:46 CEST,490,13.8,27.4,22.7,100286,86.4,1
2019-09-26 22:37:43 CEST,491,13.9,27.8,22.7,100285,86.4,1
2019-09-26 22:38:40 CEST,492,13.8,29.3,22.7,100285,86.4,1
2019-09-26 22:39:37 CEST,493,13.9,29.6,22.7,100283,86.4,1
2019-09-26 22:40:34 CEST,494,13.9,30.5,22.6,100288,86.4,1
2019-09-26 22:41:31 CEST,495,13.8,30.6,22.7,100282,86.4,1
2019-09-26 22:42:28 CEST,496,13.9,31.5,22.8,100288,86.4,1
2019-09-26 22:43:25 CEST,497,13.9,32.4,22.8,100288,86.2,1
2019-09-26 22:44:22 CEST,498,13.9,32.5,22.9,100282,86.2,1
2019-09-26 22:45:19 CEST,499,13.7,31.3,22.8,100288,86.3,1
2019-09-26 22:46:16 CEST,500,13.7,31.3,23,100286,86.3,1
2019-09-26 22:47:13 CEST,501,13.7,32.6,22.9,100288,86.3,1
2019-09-26 22:48:10 CEST,502,13.6,32.6,22.7,100297,86.3,1
2019-09-26 22:49:07 CEST,503,13.6,33,22.4,100278,86.3,1
2019-09-26 22:50:04 CEST,504,13.4,32,22.4,100287,86.2,1
2019-09-26 22:51:01 CEST,505,13.5,32.4,22.4,100294,86.2,1
2019-09-26 22:51:59 CEST,506,13.5,32.2,22.2,100289,86.2,1
2019-09-26 22:52:55 CEST,507,13.5,32.2,22.2,100281,86.3,1
2019-09-26 22:53:52 CEST,508,13.4,32.2,22.2,100283,86.3,1
2019-09-26 22:54:50 CEST,509,13.3,33,22.2,100291,86.2,1
2019-09-26 22:55:47 CEST,510,13.5,33.5,22.2,100283,86.2,1
2019-09-26 22:56:44 CEST,511,13.4,33.8,22.2,100287,86.2,1
2019-09-26 22:57:41 CEST,512,13.5,34.1,22,100288,86.2,1
2019-09-26 22:58:38 CEST,513,13.4,34.5,22,100291,86.2,1
2019-09-26 22:59:35 CEST,514,13.3,34.4,22,100291,86.2,1
2019-09-26 23:00:32 CEST,515,13.2,33.6,22,100292,86.2,1
2019-09-26 23:01:29 CEST,516,13.3,33,21.9,100290,86.1,1
2019-09-26 23:02:26 CEST,517,13.2,33.2,21.8,100292,86.1,1
2019-09-26 23:03:23 CEST,518,13.3,33.3,21.8,100292,86.1,1
2019-09-26 23:04:20 CEST,519,13.3,32.9,21.8,100292,86.2,1
2019-09-26 23:05:17 CEST,520,13.4,32.7,21.6,100287,86.2,1
2019-09-26 23:06:14 CEST,521,13.3,32.9,21.8,100292,86.1,1
2019-09-26 23:07:12 CEST,522,13.3,31.5,21.9,100302,86.1,1
2019-09-26 23:08:09 CEST,523,13.4,30.9,22,100288,86.1,1
2019-09-26 23:09:07 CEST,524,13.5,31,22.1,100289,86,1
2019-09-26 23:10:04 CEST,525,13.6,31.4,21.9,100292,86,1
2019-09-26 23:11:01 CEST,526,13.6,31.7,21.8,100301,86,1
2019-09-26 23:11:59 CEST,527,13.6,30.3,21.2,100299,86,1
2019-09-26 23:12:56 CEST,528,13.8,31.1,21.1,100294,85.9,1
2019-09-26 23:13:53 CEST,529,13.9,32.2,21.2,100303,85.9,1
2019-09-26 23:14:50 CEST,530,13.9,32.2,21.2,100300,85.9,1
2019-09-26 23:15:47 CEST,531,13.9,31.7,21.2,100309,85.9,1
2019-09-26 23:16:44 CEST,532,13.9,32.2,21.2,100308,85.9,1
2019-09-26 23:17:42 CEST,533,13.8,32.2,21.3,100296,85.8,1
2019-09-26 23:18:39 CEST,534,13.8,32.9,21.4,100299,85.8,1
2019-09-26 23:19:37 CEST,535,13.9,32.4,21.4,100298,85.8,1
2019-09-26 23:20:34 CEST,536,13.9,33.9,21.5,100295,85.8,1
2019-09-26 23:21:31 CEST,537,13.9,34.8,21.5,100304,85.9,1
2019-09-26 23:22:29 CEST,538,14,35.4,21.5,100305,85.9,1
2019-09-26 23:23:27 CEST,539,13.9,34.3,21.5,100307,85.8,1
2019-09-26 23:24:24 CEST,540,13.8,34.6,21.4,100305,85.8,1
2019-09-26 23:25:21 CEST,541,13.9,35.5,21.4,100307,85.7,1
2019-09-26 23:26:18 CEST,542,13.7,35.6,21.4,100302,85.7,1
2019-09-26 23:27:15 CEST,543,13.7,35.7,21.5,100310,85.7,1
2019-09-26 23:28:13 CEST,544,13.9,36.8,21.5,100310,85.7,1
2019-09-26 23:29:10 CEST,545,14,36.7,21.5,100310,85.7,1
2019-09-26 23:30:07 CEST,546,13.8,37.5,21.6,100305,85.7,1
2019-09-26 23:31:04 CEST,547,13.8,37.5,21.6,100313,85.7,1
2019-09-26 23:32:01 CEST,548,13.7,37.2,21.6,100301,85.7,1
2019-09-26 23:32:58 CEST,549,13.6,37.3,21.5,100302,85.5,1
2019-09-26 23:33:55 CEST,550,13.5,37.4,21.4,100304,85.5,1
2019-09-26 23:34:52 CEST,551,13.6,36.8,21.5,100311,85.5,1
2019-09-26 23:35:49 CEST,552,13.6,37,21.5,100310,85.5,1
2019-09-26 23:36:46 CEST,553,13.5,37.3,21.5,100310,85.5,1
2019-09-26 23:37:43 CEST,554,13.4,36.2,21.5,100304,85.5,1
2019-09-26 23:38:40 CEST,555,13.3,36.8,21.4,100304,85.4,1
2019-09-26 23:39:37 CEST,556,13.4,35.9,21.4,100295,85.4,1
2019-09-26 23:40:34 CEST,557,13.3,36.1,21.4,100293,85.4,1
2019-09-26 23:41:31 CEST,558,13.2,35.4,21.4,100295,85.4,1
2019-09-26 23:42:28 CEST,559,13.1,34.6,21.4,100296,85.3,1
2019-09-26 23:43:25 CEST,560,13,34.6,21.3,100299,85.3,1
2019-09-26 23:44:22 CEST,561,13,33.5,21.3,100298,85.3,1
2019-09-26 23:45:19 CEST,562,13.1,32.8,21.3,100298,85.3,1
2019-09-26 23:46:16 CEST,563,13,31.8,21.3,100304,85.3,1
2019-09-26 23:47:13 CEST,564,13.1,31.9,21.3,100293,85.3,1
2019-09-26 23:48:11 CEST,565,13.1,31.8,21.4,100299,85.3,1
2019-09-26 23:49:08 CEST,566,13,30.2,21.4,100295,85.1,1
2019-09-26 23:50:05 CEST,567,13.1,33.3,21.3,100298,85.1,1
2019-09-26 23:54:42 CEST,568,5.6,14.2,21.1,100296,85.1,0
2019-09-26 23:55:36 CEST,569,5.6,14.6,21.1,100300,85.1,0
2019-09-26 23:56:30 CEST,570,5.5,14.8,21.1,100297,85.1,0
2019-09-26 23:57:24 CEST,571,5.6,14.7,21,100294,84.9,0
2019-09-26 23:58:18 CEST,572,5.5,14.7,21,100306,84.9,0
2019-09-26 23:59:12 CEST,573,5.4,14.2,21,100305,84.9,0
2019-09-27 00:00:06 CEST,574,5.5,14.1,21,100299,84.9,0
2019-09-27 00:01:00 CEST,575,5.5,13.9,21,100303,84.9,0
2019-09-27 00:01:54 CEST,576,5.5,13.8,20.8,100308,84.9,0
2019-09-27 00:02:48 CEST,577,5.6,13.4,20.7,100305,84.9,0
2019-09-27 00:03:42 CEST,578,5.6,13.3,20.7,100294,85,0
2019-09-27 00:04:36 CEST,579,5.6,13.6,20.7,100297,85,0
2019-09-27 00:05:30 CEST,580,5.6,13.3,20.7,100293,85,0
2019-09-27 00:06:24 CEST,581,5.6,13.2,20.8,100293,85,0
2019-09-27 00:07:18 CEST,582,5.6,13.2,20.9,100303,85,0
2019-09-27 00:08:12 CEST,583,5.6,12.9,20.9,100305,85,0
2019-09-27 00:09:06 CEST,584,5.6,12.7,20.9,100302,85,0
2019-09-27 00:10:00 CEST,585,5.5,12.7,21,100302,85,0
2019-09-27 00:10:54 CEST,586,5.5,12.6,21,100302,84.9,0
2019-09-27 00:11:48 CEST,587,5.6,12.6,21,100302,84.9,0
2019-09-27 00:12:42 CEST,588,5.5,11.9,21,100303,84.9,0
2019-09-27 00:13:36 CEST,589,5.6,11.9,20.9,100312,84.9,0
2019-09-27 00:14:30 CEST,590,5.6,11.3,20.9,100314,84.9,0
2019-09-27 00:15:24 CEST,591,5.6,10.9,20.9,100309,84.9,0
2019-09-27 00:16:18 CEST,592,5.5,10.5,20.8,100302,84.9,0
2019-09-27 00:17:12 CEST,593,5.5,10.4,20.8,100317,84.8,0
2019-09-27 00:18:06 CEST,594,5.5,9.6,20.7,100300,84.8,0
2019-09-27 00:28:08 CEST,595,8,16.7,21,100296,84.8,0
2019-09-27 00:29:02 CEST,596,7.9,16.7,21,100302,84.8,0
2019-09-27 00:29:56 CEST,597,8,16.9,21,100311,84.8,0
2019-09-27 00:30:50 CEST,598,8,17,21,100300,84.9,0
2019-09-27 00:31:44 CEST,599,8,16.9,20.9,100299,84.9,0
2019-09-27 00:32:38 CEST,600,7.9,17.4,20.9,100299,84.9,0
2019-09-27 00:33:32 CEST,601,7.8,16.9,20.9,100305,84.9,0
2019-09-27 00:34:26 CEST,602,7.7,17,20.8,100302,84.8,0
2019-09-27 00:35:20 CEST,603,7.8,17.1,20.8,100297,84.8,0
2019-09-27 00:36:14 CEST,604,7.7,16.5,20.7,100299,84.8,0
2019-09-27 00:37:08 CEST,605,7.7,16.5,20.7,100302,84.8,0
2019-09-27 00:38:02 CEST,606,7.8,16.7,20.7,100302,84.8,0
2019-09-27 00:38:56 CEST,607,7.8,17,20.8,100318,84.8,0
2019-09-27 00:39:50 CEST,608,7.9,17.5,20.8,100312,84.7,0
2019-09-27 00:40:44 CEST,609,7.8,17.1,20.8,100315,84.7,0
2019-09-27 00:41:38 CEST,610,7.8,16.6,20.8,100312,84.7,0
2019-09-27 00:42:32 CEST,611,7.9,16.8,20.8,100317,84.7,0
2019-09-27 00:43:26 CEST,612,7.8,16.5,20.8,100306,84.7,0
2019-09-27 00:44:20 CEST,613,7.8,16.5,20.8,100317,84.7,0
2019-09-27 00:45:14 CEST,614,7.9,16.6,20.7,100306,84.8,0
2019-09-27 00:46:08 CEST,615,7.9,16.6,20.7,100308,84.8,0
2019-09-27 00:47:02 CEST,616,8,17,20.7,100303,84.7,0
2019-09-27 00:47:56 CEST,617,8.1,17.2,20.7,100308,84.7,0
2019-09-27 00:48:50 CEST,618,8.2,17.1,20.6,100300,84.8,0
2019-09-27 00:49:44 CEST,619,8.2,16.1,20.7,100308,84.8,0
2019-09-27 00:50:38 CEST,620,8.2,15.6,20.9,100305,84.7,0
2019-09-27 00:51:32 CEST,621,8.1,15.8,21.1,100312,84.7,0
2019-09-27 00:52:26 CEST,622,8.1,15.5,21.2,100302,84.7,0
2019-09-27 00:53:20 CEST,623,8.1,15.3,21.3,100303,84.7,0
2019-09-27 00:54:14 CEST,624,8,14.6,21.3,100303,84.7,0
2019-09-27 00:55:08 CEST,625,8,14.5,21.3,100311,84.7,0
2019-09-27 00:56:02 CEST,626,8,14.8,21.3,100306,84.5,0
2019-09-27 00:56:57 CEST,627,8,14.7,21.3,100309,84.5,0
2019-09-27 00:57:51 CEST,628,8,14.6,21.3,100299,84.5,0
2019-09-27 00:58:45 CEST,629,8.1,15.4,21.4,100308,84.5,0
2019-09-27 00:59:39 CEST,630,8.2,15.5,21.5,100308,84.5,0
2019-09-27 01:00:33 CEST,631,8.4,15.8,21.5,100313,84.5,0
2019-09-27 01:01:27 CEST,632,8.4,16.1,21.6,100304,84.5,0
2019-09-27 01:02:21 CEST,633,8.4,16.1,21.6,100316,84.5,0
2019-09-27 01:03:14 CEST,634,8.5,16.4,21.6,100307,84.5,0
2019-09-27 01:04:08 CEST,635,8.6,16.9,21.7,100322,84.5,0
2019-09-27 01:05:02 CEST,636,8.5,17,21.7,100307,84.4,0
2019-09-27 01:05:56 CEST,637,8.4,16.6,21.7,100314,84.4,0
2019-09-27 01:06:51 CEST,638,8.4,15.8,21.7,100313,84.4,0
2019-09-27 01:07:45 CEST,639,8.4,15.9,21.7,100316,84.4,0
2019-09-27 01:08:39 CEST,640,8.4,15.9,21.7,100308,84.4,0
2019-09-27 01:09:33 CEST,641,8.3,15.8,21.7,100307,84.3,0
2019-09-27 01:10:27 CEST,642,8.3,15.5,21.7,100314,84.3,0
2019-09-27 01:11:21 CEST,643,8.3,15.5,21.7,100307,84.3,0
2019-09-27 01:12:15 CEST,644,8.2,15.4,21.7,100308,84.3,0
2019-09-27 01:13:09 CEST,645,8.3,15.6,21.7,100316,84.3,0
2019-09-27 01:14:03 CEST,646,8.3,15.5,21.6,100317,84.3,0
2019-09-27 01:14:57 CEST,647,8.2,15.2,21.6,100301,84.1,0
2019-09-27 01:15:51 CEST,648,8.1,14.8,21.5,100310,84.1,0
2019-09-27 01:16:45 CEST,649,8.1,14.7,21.5,100299,84.1,0
2019-09-27 01:17:39 CEST,650,8.1,15.3,21.5,100307,84.1,0
2019-09-27 01:18:33 CEST,651,8.2,14.9,21.4,100304,84.1,0
2019-09-27 01:19:27 CEST,652,8.3,15.2,21.4,100302,84.2,0
2019-09-27 01:20:21 CEST,653,8.2,15.1,21.3,100301,84.2,0
2019-09-27 01:21:15 CEST,654,8.4,16.4,21.3,100309,84.1,0
2019-09-27 01:22:09 CEST,655,8.4,16.8,21.4,100302,84,0
2019-09-27 01:23:03 CEST,656,8.5,16.7,21.4,100301,84,0
2019-09-27 01:23:57 CEST,657,8.4,16.6,21.5,100304,84,0
2019-09-27 01:24:51 CEST,658,8.4,17.2,21.5,100308,84,0
2019-09-27 01:25:45 CEST,659,8.3,16.5,21.6,100301,84,0
2019-09-27 01:26:39 CEST,660,8.3,16,21.6,100301,84,0
2019-09-27 01:27:33 CEST,661,8.2,15.6,21.6,100310,83.9,0
2019-09-27 01:28:27 CEST,662,8.3,15.3,21.6,100311,83.9,0
2019-09-27 01:29:21 CEST,663,8.3,15.4,21.7,100302,83.9,0
2019-09-27 01:30:15 CEST,664,8.2,15.3,21.6,100310,83.8,0
2019-09-27 01:31:09 CEST,665,8.3,15.9,21.6,100310,83.8,0
2019-09-27 01:32:03 CEST,666,8.4,15.6,21.6,100302,83.8,0
2019-09-27 01:32:57 CEST,667,8.5,15.9,21.6,100314,83.8,0
2019-09-27 01:33:51 CEST,668,8.5,15.8,21.6,100305,83.7,0
2019-09-27 01:34:45 CEST,669,8.5,15.4,21.6,100302,83.7,0
2019-09-27 01:35:39 CEST,670,8.6,15.8,21.5,100307,83.7,0
2019-09-27 01:36:33 CEST,671,8.6,15.7,21.5,100316,83.7,0
2019-09-27 01:37:27 CEST,672,8.6,15.9,21.5,100310,83.7,0
2019-09-27 01:38:21 CEST,673,8.6,15.9,21.5,100316,83.8,0
2019-09-27 01:39:15 CEST,674,8.7,15.9,21.5,100308,83.8,0
2019-09-27 01:40:09 CEST,675,8.7,16.7,21.5,100316,83.8,0
2019-09-27 01:41:03 CEST,676,8.7,17.2,21.5,100301,83.7,0
2019-09-27 01:41:57 CEST,677,8.8,17.6,21.5,100308,83.7,0
2019-09-27 01:42:51 CEST,678,8.8,17.6,21.5,100311,83.7,0
2019-09-27 01:43:45 CEST,679,8.8,18,21.6,100308,83.7,0
2019-09-27 01:44:39 CEST,680,8.6,17.2,21.6,100304,83.7,0
2019-09-27 01:45:33 CEST,681,8.6,17.2,21.6,100305,83.7,0
2019-09-27 01:46:27 CEST,682,8.5,16.9,21.6,100298,83.6,0
2019-09-27 01:47:21 CEST,683,8.5,17,21.6,100307,83.6,0
2019-09-27 01:48:15 CEST,684,8.5,16,21.6,100308,83.6,0
2019-09-27 01:49:09 CEST,685,8.5,16.9,21.6,100311,83.6,0
2019-09-27 01:50:03 CEST,686,8.5,16.8,21.5,100313,83.7,0
2019-09-27 01:50:57 CEST,687,8.5,16.6,21.5,100307,83.7,0
2019-09-27 01:51:51 CEST,688,8.5,15.8,21.4,100305,83.7,0
2019-09-27 01:52:45 CEST,689,8.5,16.2,21.4,100302,83.6,0
2019-09-27 01:53:39 CEST,690,8.5,16.1,21.4,100308,83.6,0
2019-09-27 01:54:33 CEST,691,8.5,16.2,21.4,100313,83.6,0
2019-09-27 01:55:27 CEST,692,8.4,16.3,21.4,100298,83.6,0
2019-09-27 01:56:21 CEST,693,8.3,16.6,21.4,100301,83.5,0
2019-09-27 01:57:15 CEST,694,8.3,17.2,21.3,100302,83.5,0
2019-09-27 01:58:09 CEST,695,8.1,16.4,21.3,100302,83.5,0
2019-09-27 01:59:03 CEST,696,8.2,16.9,21.2,100296,83.6,0
2019-09-27 01:59:57 CEST,697,8.1,16.7,21.2,100296,83.6,0
2019-09-27 02:00:51 CEST,698,8,16.6,21.3,100298,83.5,0
2019-09-27 02:01:45 CEST,699,8,16.7,21.4,100301,83.5,0
2019-09-27 02:02:39 CEST,700,7.9,16.4,21.4,100305,83.6,0
2019-09-27 02:03:33 CEST,701,7.9,16.4,21.3,100299,83.6,0
2019-09-27 02:04:27 CEST,702,8.1,17.4,21.3,100303,83.6,0
2019-09-27 02:05:21 CEST,703,8.1,17.5,21.3,100301,83.5,0
2019-09-27 02:06:15 CEST,704,8.1,17.8,21.4,100308,83.5,0
2019-09-27 02:15:12 CEST,705,4.9,9.2,21.6,100302,83.5,0
2019-09-27 02:16:06 CEST,706,4.9,9.3,21.6,100293,83.5,0
2019-09-27 02:17:00 CEST,707,5,10.2,21.6,100296,83.4,0
2019-09-27 02:17:54 CEST,708,4.9,9.9,21.6,100301,83.4,0
2019-09-27 02:18:48 CEST,709,4.9,9.9,21.6,100299,83.4,0
2019-09-27 02:19:42 CEST,710,5,9.9,21.6,100298,83.4,0
2019-09-27 02:20:36 CEST,711,5,9.9,21.6,100296,83.4,0
2019-09-27 02:21:29 CEST,712,5,9.3,21.6,100293,83.5,0
2019-09-27 02:22:23 CEST,713,5,8.9,21.6,100296,83.4,0
2019-09-27 02:23:17 CEST,714,5,9.1,21.6,100298,83.4,0
2019-09-27 02:24:11 CEST,715,5,9.6,21.6,100293,83.5,0
2019-09-27 02:25:05 CEST,716,5,9.7,21.6,100289,83.4,0
2019-09-27 02:25:59 CEST,717,5,9.2,21.5,100298,83.4,0
2019-09-27 02:26:53 CEST,718,5,9.3,21.5,100301,83.3,0
2019-09-27 02:27:47 CEST,719,5.1,10.3,21.4,100298,83.3,0
2019-09-27 02:28:41 CEST,720,5.1,10.3,21.3,100296,83.3,0
2019-09-27 02:29:35 CEST,721,5.1,10.5,21.2,100299,83.3,0
2019-09-27 02:30:29 CEST,722,5.1,10.4,21.2,100297,83.3,0
2019-09-27 02:31:23 CEST,723,5.2,10.9,21.1,100289,83.4,0
2019-09-27 02:32:17 CEST,724,5.2,10.5,21.2,100292,83.3,0
2019-09-27 02:33:11 CEST,725,5.3,10.7,21.2,100289,83.4,0
2019-09-27 02:34:05 CEST,726,5.2,10.6,21.2,100295,83.4,0
2019-09-27 02:34:59 CEST,727,5.4,10.6,21.3,100296,83.3,0
2019-09-27 02:35:53 CEST,728,5.2,10.5,21.3,100290,83.3,0
2019-09-27 02:36:47 CEST,729,5.2,10.4,21.4,100293,83.3,0
2019-09-27 02:37:41 CEST,730,5.2,10.7,21.4,100287,83.3,0
2019-09-27 02:38:35 CEST,731,5.3,11,21.4,100289,83.3,0
2019-09-27 02:39:29 CEST,732,5.3,10.9,21.4,100292,83.2,0
2019-09-27 02:40:23 CEST,733,5.2,10.7,21.3,100305,83.2,0
2019-09-27 02:41:17 CEST,734,5.2,12,21.2,100296,83.2,0
2019-09-27 02:42:11 CEST,735,5.2,12,21.2,100292,83.2,0
2019-09-27 02:43:05 CEST,736,5.2,11.9,21.2,100303,83.3,0
2019-09-27 02:43:59 CEST,737,5.1,11,21.1,100294,83.3,0
2019-09-27 02:44:53 CEST,738,5.2,11.1,21,100299,83.2,0
2019-09-27 02:45:47 CEST,739,5.1,11.2,21,100297,83.2,0
2019-09-27 02:46:41 CEST,740,5.1,10.9,21,100294,83.2,0
2019-09-27 02:47:35 CEST,741,5.1,11.5,21,100300,83.2,0
2019-09-27 02:48:29 CEST,742,5,11.3,21,100288,83.1,0
2019-09-27 02:49:23 CEST,743,5.1,11.3,20.9,100297,83.1,0
2019-09-27 02:50:17 CEST,744,5.1,11.1,20.9,100299,83.2,0
2019-09-27 02:51:11 CEST,745,5.1,10.6,20.9,100291,83.2,0
2019-09-27 02:52:05 CEST,746,5.1,10.6,20.8,100288,83.1,0
2019-09-27 02:52:59 CEST,747,5.1,11,20.7,100286,83.1,0
2019-09-27 02:53:53 CEST,748,5.2,11.3,20.7,100296,83.1,0
2019-09-27 02:54:47 CEST,749,5.2,10.5,20.7,100297,83.1,0
2019-09-27 02:55:41 CEST,750,5.2,10.5,20.7,100290,83.1,0
2019-09-27 02:56:35 CEST,751,5.2,10.3,20.7,100288,83.1,0
2019-09-27 02:57:29 CEST,752,5.2,10.5,20.7,100302,83.1,0
2019-09-27 02:58:23 CEST,753,5.2,10.1,20.7,100291,83.1,0
2019-09-27 02:59:17 CEST,754,5.2,9.9,20.7,100285,83.1,0
2019-09-27 03:00:11 CEST,755,5.2,9.9,20.7,100283,83.1,0
2019-09-27 03:01:05 CEST,756,5.2,10,20.7,100296,83.1,0
2019-09-27 03:01:59 CEST,757,5.1,10.3,20.8,100280,83,0
2019-09-27 03:02:53 CEST,758,5,10.6,20.8,100285,83,0
2019-09-27 03:03:47 CEST,759,5.1,10.9,20.8,100293,83.1,0
2019-09-27 03:04:41 CEST,760,5,10.5,20.9,100294,83.1,0
2019-09-27 03:05:35 CEST,761,5,10.3,21,100288,83.1,0
2019-09-27 03:06:29 CEST,762,5.1,10.6,21.1,100293,83.1,0
2019-09-27 03:07:23 CEST,763,5.1,10.7,21.1,100294,83,0
2019-09-27 03:08:17 CEST,764,5.1,9.3,21.2,100288,83,0
2019-09-27 03:09:11 CEST,765,5.1,9.3,21.2,100299,83,0
2019-09-27 03:10:05 CEST,766,5.1,10.6,21.3,100295,83,0
2019-09-27 03:10:59 CEST,767,5.1,10.7,21.3,100284,83,0
2019-09-27 03:11:53 CEST,768,5,10.5,21.3,100293,83,0
2019-09-27 03:12:47 CEST,769,5,10.6,21.4,100289,83,0
2019-09-27 03:13:41 CEST,770,5,11.1,21.3,100285,83,0
2019-09-27 03:14:35 CEST,771,4.9,10.3,21.2,100282,82.9,0
2019-09-27 03:15:29 CEST,772,5,10.3,21.2,100289,82.9,0
2019-09-27 03:16:23 CEST,773,5,10.9,21.2,100288,82.9,0
2019-09-27 03:17:18 CEST,774,4.9,10.8,21.1,100282,82.9,0
2019-09-27 03:18:12 CEST,775,4.9,10.7,21,100283,83,0
2019-09-27 03:19:05 CEST,776,4.8,10.6,21,100283,83,0
2019-09-27 03:20:00 CEST,777,4.8,10.2,20.9,100285,83,0
2019-09-27 03:20:53 CEST,778,4.7,9.8,20.9,100288,82.8,0
2019-09-27 03:21:48 CEST,779,4.6,9.7,20.9,100277,82.8,0
2019-09-27 03:22:42 CEST,780,4.6,9.4,20.8,100288,82.8,0
2019-09-27 03:23:36 CEST,781,4.6,10,20.9,100285,82.8,0
2019-09-27 03:24:30 CEST,782,4.6,10,20.9,100279,82.8,0
2019-09-27 03:25:24 CEST,783,4.6,9.9,20.9,100274,82.8,0
2019-09-27 03:26:18 CEST,784,4.6,9.9,20.9,100288,82.8,0
2019-09-27 03:27:11 CEST,785,4.5,9.9,21,100278,82.9,0
2019-09-27 03:28:06 CEST,786,4.5,9.9,21.1,100291,82.9,0
2019-09-27 03:29:00 CEST,787,4.5,9.5,21.1,100293,82.9,0
2019-09-27 03:34:40 CEST,788,4.5,10.3,21.3,100290,82.9,0
2019-09-27 03:35:34 CEST,789,4.6,9.8,21.4,100298,82.9,0
2019-09-27 03:36:28 CEST,790,4.6,10,21.4,100288,82.8,0
2019-09-27 03:37:22 CEST,791,4.6,10.6,21.4,100295,82.8,0
2019-09-27 03:38:16 CEST,792,4.7,10.7,21.4,100289,82.8,0
2019-09-27 03:39:10 CEST,793,4.7,11,21.4,100298,82.8,0
2019-09-27 03:40:04 CEST,794,4.8,11.2,21.4,100298,82.8,0
2019-09-27 03:40:58 CEST,795,4.8,11.1,21.4,100295,82.7,0
2019-09-27 03:41:52 CEST,796,4.8,11,21.4,100298,82.7,0
2019-09-27 03:42:45 CEST,797,4.8,11,21.3,100289,82.7,0
2019-09-27 03:43:39 CEST,798,4.8,10.5,21.3,100292,82.7,0
2019-09-27 03:44:33 CEST,799,4.7,10.2,21.3,100295,82.7,0
2019-09-27 03:45:27 CEST,800,4.8,10.3,21.3,100299,82.7,0
2019-09-27 03:46:21 CEST,801,4.8,10.7,21.3,100290,82.7,0
2019-09-27 03:47:15 CEST,802,4.8,11.1,21.2,100290,82.7,0
2019-09-27 03:48:09 CEST,803,4.8,11.6,21.2,100284,82.6,0
2019-09-27 03:49:03 CEST,804,4.7,10.9,21.2,100292,82.6,0
2019-09-27 03:49:57 CEST,805,4.8,11.1,21.2,100299,82.6,0
2019-09-27 03:50:51 CEST,806,4.9,11.5,21.2,100290,82.6,0
2019-09-27 03:51:45 CEST,807,4.9,11.6,21.1,100300,82.6,0
2019-09-27 03:52:39 CEST,808,5,11.3,21.1,100297,82.6,0
2019-09-27 03:53:33 CEST,809,5,11.7,21.1,100293,82.7,0
2019-09-27 03:54:27 CEST,810,5,11.5,21,100288,82.7,0
2019-09-27 03:55:21 CEST,811,4.9,11.3,20.9,100288,82.6,0
2019-09-27 03:56:15 CEST,812,4.9,10.7,20.9,100286,82.6,0
2019-09-27 04:04:58 CEST,813,4.5,8,21.3,100287,82.5,0
2019-09-27 04:05:52 CEST,814,4.5,8,21.3,100281,82.5,0
2019-09-27 04:06:46 CEST,815,4.5,8,21.4,100281,82.5,0
2019-09-27 04:07:40 CEST,816,4.5,8.1,21.4,100293,82.5,0
2019-09-27 04:08:34 CEST,817,4.6,7.9,21.4,100282,82.5,0
2019-09-27 04:09:28 CEST,818,4.6,8.6,21.4,100292,82.5,0
2019-09-27 04:10:22 CEST,819,4.6,8.5,21.4,100288,82.5,0
2019-09-27 04:11:16 CEST,820,4.6,8.4,21.4,100273,82.5,0
2019-09-27 04:12:11 CEST,821,4.6,8.4,21.4,100293,82.6,0
2019-09-27 04:13:05 CEST,822,4.6,8.6,21.3,100298,82.6,0
2019-09-27 04:13:59 CEST,823,4.6,8.4,21.3,100302,82.5,0
2019-09-27 04:14:53 CEST,824,4.6,8.9,21.3,100296,82.4,0
2019-09-27 04:15:47 CEST,825,4.6,8.8,21.3,100299,82.4,0
2019-09-27 04:16:41 CEST,826,4.6,8.8,21.4,100301,82.4,0
2019-09-27 04:17:35 CEST,827,4.6,9.1,21.4,100298,82.4,0
2019-09-27 04:18:29 CEST,828,4.6,9.2,21.4,100298,82.4,0
2019-09-27 04:19:23 CEST,829,4.6,9,21.4,100299,82.4,0
2019-09-27 04:20:17 CEST,830,4.6,9.1,21.4,100296,82.3,0
2019-09-27 04:21:11 CEST,831,4.6,8.7,21.3,100293,82.3,0
2019-09-27 04:22:05 CEST,832,4.7,8.8,21.3,100296,82.3,0
2019-09-27 04:22:59 CEST,833,4.7,8.9,21.3,100296,82.4,0
2019-09-27 04:23:53 CEST,834,4.7,8.9,21.2,100293,82.4,0
2019-09-27 04:24:47 CEST,835,4.6,8.8,21.2,100293,82.4,0
2019-09-27 04:25:41 CEST,836,4.7,8.9,21.2,100297,82.3,0
2019-09-27 04:26:35 CEST,837,4.7,9.5,21.2,100296,82.3,0
2019-09-27 04:27:29 CEST,838,4.6,9.6,21.2,100297,82.3,0
2019-09-27 04:28:23 CEST,839,4.6,9.6,21.3,100290,82.3,0
2019-09-27 04:29:17 CEST,840,4.5,8.9,21.3,100299,82.2,0
2019-09-27 04:30:11 CEST,841,4.6,9.3,21.3,100296,82.2,0
2019-09-27 04:31:05 CEST,842,4.6,8.8,21.2,100300,82.2,0
2019-09-27 04:31:59 CEST,843,4.6,8.9,21.2,100299,82.2,0
2019-09-27 04:32:53 CEST,844,4.6,8.9,21.1,100305,82.2,0
2019-09-27 04:33:47 CEST,845,4.6,9,21,100312,82.2,0
2019-09-27 04:34:41 CEST,846,4.6,8.8,20.9,100309,82.2,0
2019-09-27 04:35:35 CEST,847,4.5,8.7,20.9,100305,82.1,0
2019-09-27 04:36:29 CEST,848,4.6,8.8,20.8,100306,82.1,0
2019-09-27 04:37:23 CEST,849,4.6,8.8,20.9,100305,82.1,0
2019-09-27 04:38:16 CEST,850,4.6,8.9,20.9,100299,82.2,0
2019-09-27 04:39:10 CEST,851,4.6,9.4,20.9,100300,82.2,0
2019-09-27 04:40:04 CEST,852,4.6,9.2,20.9,100294,82.1,0
2019-09-27 04:40:58 CEST,853,4.7,9.6,20.9,100302,82.1,0
2019-09-27 04:41:52 CEST,854,4.7,9.2,20.8,100302,82.1,0
2019-09-27 04:42:46 CEST,855,4.7,9.4,20.7,100297,82,0
2019-09-27 04:43:40 CEST,856,4.6,9.8,20.6,100302,82,0
2019-09-27 04:44:34 CEST,857,4.6,10,20.7,100299,82,0
2019-09-27 04:45:28 CEST,858,4.6,11.1,20.7,100303,82.1,0
2019-09-27 04:46:22 CEST,859,4.6,11.4,20.6,100307,82.1,0
2019-09-27 04:47:16 CEST,860,4.6,11.3,20.6,100302,82.2,0
2019-09-27 04:48:10 CEST,861,4.6,11,20.7,100299,82.2,0
2019-09-27 04:49:04 CEST,862,4.6,10.9,20.8,100297,82.1,0
2019-09-27 04:49:58 CEST,863,4.7,11,20.8,100306,82.1,0
2019-09-27 04:50:53 CEST,864,4.6,10.8,20.9,100299,82.1,0
2019-09-27 04:51:46 CEST,865,4.7,10.9,20.9,100300,82,0
2019-09-27 04:55:19 CEST,866,5.4,8.6,21,100303,82,0
2019-09-27 04:56:13 CEST,867,5.4,8.6,21,100308,82,0
2019-09-27 04:57:07 CEST,868,5.4,8.7,21,100302,82,0
2019-09-27 04:58:01 CEST,869,5.4,9.1,21,100312,82,0
2019-09-27 04:58:55 CEST,870,5.5,9.9,20.9,100306,81.9,0
2019-09-27 04:59:49 CEST,871,5.5,10.4,20.9,100311,81.9,0
2019-09-27 05:00:43 CEST,872,5.5,10.2,20.9,100314,81.9,0
2019-09-27 05:01:37 CEST,873,5.6,10.3,20.9,100315,81.9,0
2019-09-27 05:02:32 CEST,874,5.6,10.4,20.9,100312,81.9,0
2019-09-27 05:03:26 CEST,875,5.5,10.3,21,100312,81.9,0
2019-09-27 05:04:20 CEST,876,5.5,9.6,21,100320,82,0
2019-09-27 05:05:14 CEST,877,5.5,9.8,21,100320,82,0
2019-09-27 05:06:08 CEST,878,5.5,9.9,21,100315,82,0
2019-09-27 05:07:02 CEST,879,5.6,10.3,21,100315,82,0
2019-09-27 05:07:56 CEST,880,5.6,10.4,21,100318,82,0
2019-09-27 05:08:50 CEST,881,5.5,10.5,21,100321,82,0
2019-09-27 05:09:44 CEST,882,5.7,10.9,21,100324,82.1,0
2019-09-27 05:10:38 CEST,883,5.6,10.7,20.9,100326,82.1,0
2019-09-27 05:11:32 CEST,884,5.6,10,20.9,100330,82.1,0
2019-09-27 05:12:26 CEST,885,5.6,9.8,20.8,100331,82.1,0
2019-09-27 05:13:20 CEST,886,5.6,10.3,20.7,100321,82.1,0
2019-09-27 05:14:14 CEST,887,5.7,10.2,20.6,100325,82.1,0
2019-09-27 05:15:08 CEST,888,5.7,10.5,20.6,100334,82.1,0
2019-09-27 05:16:02 CEST,889,5.6,10.4,20.6,100330,82.2,0
2019-09-27 05:16:56 CEST,890,5.7,10.5,20.7,100330,82.2,0
2019-09-27 05:17:50 CEST,891,5.7,10.7,20.8,100336,82.2,0
2019-09-27 05:18:44 CEST,892,5.7,11,20.8,100348,82.2,0
2019-09-27 05:19:38 CEST,893,5.6,10.7,20.9,100341,82.2,0
2019-09-27 05:20:32 CEST,894,5.6,10.4,20.9,100342,82.2,0
2019-09-27 05:21:26 CEST,895,5.5,10.3,20.9,100347,82.2,0
2019-09-27 05:22:20 CEST,896,5.6,10.5,20.8,100338,82.2,0
2019-09-27 05:23:14 CEST,897,5.6,10.4,20.7,100342,82.3,0
2019-09-27 05:24:08 CEST,898,5.5,10.8,20.6,100344,82.3,0
2019-09-27 05:25:02 CEST,899,5.5,10.3,20.7,100339,82.3,0
2019-09-27 05:25:56 CEST,900,5.5,9.7,20.7,100353,82.3,0
2019-09-27 05:26:50 CEST,901,5.4,8.9,20.7,100348,82.2,0
2019-09-27 05:27:44 CEST,902,5.4,9.4,20.7,100350,82.2,0
2019-09-27 05:28:38 CEST,903,5.3,9.3,20.7,100353,82.2,0
2019-09-27 05:29:32 CEST,904,5.3,9.5,20.7,100339,82.2,0
2019-09-27 05:30:26 CEST,905,5.4,9.5,20.7,100345,82.2,0
2019-09-27 05:31:20 CEST,906,5.4,10,20.7,100353,82.2,0
2019-09-27 05:32:14 CEST,907,5.4,10.3,20.7,100345,82.2,0
2019-09-27 05:33:08 CEST,908,5.5,10.2,20.7,100345,82.3,0
2019-09-27 05:34:02 CEST,909,5.4,9.8,20.6,100350,82.3,0
2019-09-27 05:34:56 CEST,910,5.4,9.5,20.6,100350,82.3,0
2019-09-27 05:35:50 CEST,911,5.4,9.6,20.6,100357,82.3,0
2019-09-27 05:36:44 CEST,912,5.4,10,20.6,100354,82.4,0
2019-09-27 05:37:38 CEST,913,5.5,10,20.6,100357,82.4,0
2019-09-27 05:38:32 CEST,914,5.5,10.4,20.6,100353,82.4,0
2019-09-27 05:39:26 CEST,915,5.5,11.1,20.6,100357,82.4,0
2019-09-27 05:40:20 CEST,916,5.4,10.7,20.7,100351,82.3,0
2019-09-27 05:41:14 CEST,917,5.4,10.9,20.7,100350,82.3,0
2019-09-27 05:42:08 CEST,918,5.5,10.7,20.7,100357,82.3,0
2019-09-27 05:43:02 CEST,919,5.6,10.7,20.8,100354,82.3,0
2019-09-27 05:43:56 CEST,920,5.6,10.6,20.8,100371,82.3,0
2019-09-27 05:44:50 CEST,921,5.6,10.7,20.8,100357,82.3,0
2019-09-27 05:45:44 CEST,922,5.5,10.5,20.8,100359,82.3,0
2019-09-27 05:46:38 CEST,923,5.5,10.6,20.9,100369,82.2,0
2019-09-27 05:47:32 CEST,924,5.5,10.8,20.9,100362,82.2,0
2019-09-27 05:48:26 CEST,925,5.5,11.5,20.9,100360,82.2,0
2019-09-27 05:49:20 CEST,926,5.6,11.5,20.9,100366,82.2,0
2019-09-27 05:50:14 CEST,927,5.7,11.7,21,100363,82.2,0
2019-09-27 05:51:08 CEST,928,5.7,11.3,21,100366,82.2,0
2019-09-27 05:52:02 CEST,929,5.7,11.2,21,100371,82.5,0
2019-09-27 05:52:56 CEST,930,5.7,11.1,21,100362,82.5,0
2019-09-27 05:53:50 CEST,931,5.8,11.4,21,100359,82.5,0
2019-09-27 05:54:44 CEST,932,5.8,10.9,21,100371,82.5,0
2019-09-27 05:55:38 CEST,933,5.8,11,21,100371,82.5,0
2019-09-27 05:56:32 CEST,934,5.8,11.6,21.1,100371,82.5,0
2019-09-27 05:57:26 CEST,935,5.8,11.8,21.1,100384,82.5,0
2019-09-27 05:58:19 CEST,936,5.7,11.5,21,100381,82.6,0
2019-09-27 05:59:13 CEST,937,5.7,11.2,21,100386,82.6,0
2019-09-27 06:00:07 CEST,938,5.7,11.2,21,100380,82.6,0
2019-09-27 06:01:01 CEST,939,5.8,11,21,100384,82.6,0
2019-09-27 06:01:55 CEST,940,5.8,11.2,21,100389,82.6,0
2019-09-27 06:02:49 CEST,941,5.7,11.3,21,100386,82.6,0
2019-09-27 06:03:43 CEST,942,5.7,10.6,21,100389,82.7,0
2019-09-27 06:04:37 CEST,943,5.7,10.8,21,100392,82.7,0
2019-09-27 06:05:31 CEST,944,5.8,10.4,21,100381,82.7,0
2019-09-27 06:06:25 CEST,945,5.8,9.9,21,100378,82.7,0
2019-09-27 06:07:19 CEST,946,5.8,10,21,100383,82.7,0
2019-09-27 06:08:13 CEST,947,5.8,9.8,21,100381,82.7,0
2019-09-27 06:09:07 CEST,948,5.7,9.7,21,100383,82.7,0
2019-09-27 06:10:01 CEST,949,5.7,9.8,21.1,100396,82.6,0
2019-09-27 06:10:55 CEST,950,5.7,10,21,100386,82.6,0
2019-09-27 06:11:49 CEST,951,5.7,9.6,21,100383,82.6,0
2019-09-27 06:12:43 CEST,952,5.7,9.5,21,100389,82.6,0
2019-09-27 06:13:36 CEST,953,5.8,9.5,21,100392,82.6,0
2019-09-27 06:21:54 CEST,954,4.5,8.4,21.1,100386,82.6,0
2019-09-27 06:22:48 CEST,955,4.5,8.4,21,100386,82.7,0
2019-09-27 06:23:42 CEST,956,4.6,8.5,21,100392,82.7,0
2019-09-27 06:24:36 CEST,957,4.5,8.4,21,100386,82.7,0
2019-09-27 06:25:30 CEST,958,4.6,9.4,21,100383,82.7,0
2019-09-27 06:26:24 CEST,959,4.7,9.9,21,100383,82.7,0
2019-09-27 06:27:18 CEST,960,4.6,9.8,21,100390,82.7,0
2019-09-27 06:28:12 CEST,961,4.7,10.4,21,100387,82.7,0
2019-09-27 06:29:06 CEST,962,4.6,10.4,20.9,100389,82.7,0
2019-09-27 06:30:00 CEST,963,4.7,10.5,20.9,100394,82.7,0
2019-09-27 06:30:54 CEST,964,4.7,10.6,20.8,100387,82.8,0
2019-09-27 06:31:48 CEST,965,4.6,10.5,20.8,100381,82.8,0
2019-09-27 06:32:42 CEST,966,4.6,10.5,20.8,100396,82.8,0
2019-09-27 06:33:36 CEST,967,4.6,10.6,20.8,100391,82.8,0
2019-09-27 06:34:30 CEST,968,4.7,10.9,20.8,100393,82.8,0
2019-09-27 06:35:24 CEST,969,4.6,10.8,20.8,100393,82.7,0
2019-09-27 06:36:18 CEST,970,4.6,10,20.8,100391,82.7,0
2019-09-27 06:37:12 CEST,971,4.6,10,20.8,100393,82.8,0
2019-09-27 06:38:06 CEST,972,4.5,9.9,20.8,100387,82.8,0
2019-09-27 06:39:00 CEST,973,4.7,9.9,20.8,100390,82.8,0
2019-09-27 06:39:54 CEST,974,4.7,9.4,20.8,100391,82.8,0
2019-09-27 06:40:48 CEST,975,4.7,10,20.8,100387,82.8,0
2019-09-27 06:41:42 CEST,976,4.8,10.3,20.8,100391,82.8,0
2019-09-27 06:42:36 CEST,977,4.7,10.2,20.8,100384,82.9,0
2019-09-27 06:43:30 CEST,978,4.7,10.1,20.7,100376,82.9,0
2019-09-27 06:44:24 CEST,979,4.6,9.5,20.7,100385,82.9,0
2019-09-27 06:45:18 CEST,980,4.6,9.6,20.7,100384,82.9,0
2019-09-27 06:46:12 CEST,981,4.6,9.4,20.6,100379,82.9,0
2019-09-27 06:47:06 CEST,982,4.6,9.7,20.5,100376,82.9,0
2019-09-27 06:48:00 CEST,983,4.6,9.8,20.5,100382,82.9,0
2019-09-27 06:48:54 CEST,984,4.6,9.9,20.4,100379,82.9,0
2019-09-27 06:49:48 CEST,985,4.7,10,20.4,100388,83,0
2019-09-27 06:50:42 CEST,986,4.7,10.1,20.3,100384,83,0
2019-09-27 06:51:36 CEST,987,4.7,10.2,20.3,100387,83,0
2019-09-27 06:52:30 CEST,988,4.7,9.4,20.4,100385,83,0
2019-09-27 06:53:24 CEST,989,4.7,9.6,20.4,100388,83,0
2019-09-27 06:54:18 CEST,990,4.7,9.6,20.4,100384,83,0
2019-09-27 06:55:12 CEST,991,4.7,9,20.4,100385,83,0
2019-09-27 06:56:06 CEST,992,4.8,9.5,20.5,100373,83,0
2019-09-27 06:57:00 CEST,993,4.8,10.6,20.5,100378,83,0
2019-09-27 06:57:54 CEST,994,4.9,10.7,20.6,100379,82.9,0
2019-09-27 06:58:48 CEST,995,5,10.7,20.6,100384,82.9,0
2019-09-27 06:59:42 CEST,996,5,10.9,20.7,100388,82.9,0
2019-09-27 07:00:36 CEST,997,4.9,10.8,20.7,100378,82.9,0
2019-09-27 07:01:30 CEST,998,5,10.5,20.8,100384,82.9,0
2019-09-27 07:02:23 CEST,999,4.9,10.2,20.8,100385,82.9,0
2019-09-27 07:03:17 CEST,1000,4.9,10.2,20.8,100385,82.8,0
2019-09-27 07:04:11 CEST,1001,5,10.3,20.8,100383,82.8,0
2019-09-27 07:05:05 CEST,1002,5,11.4,20.8,100383,82.8,0
2019-09-27 07:05:59 CEST,1003,4.9,11.1,20.9,100391,82.8,0
2019-09-27 07:06:53 CEST,1004,4.9,11,20.9,100387,82.8,0
2019-09-27 07:07:47 CEST,1005,4.9,10.4,20.9,100387,82.9,0
2019-09-27 07:08:41 CEST,1006,4.8,9.7,20.9,100390,82.9,0
2019-09-27 07:09:35 CEST,1007,4.8,10.3,20.8,100386,82.9,0
2019-09-27 07:10:29 CEST,1008,4.8,10.4,20.8,100391,82.9,0
2019-09-27 07:11:23 CEST,1009,4.9,10.5,20.8,100384,83,0
2019-09-27 07:12:17 CEST,1010,4.9,10.2,20.8,100390,83,0
2019-09-27 07:13:11 CEST,1011,4.9,10.3,20.8,100385,83,0
2019-09-27 07:14:05 CEST,1012,4.9,10,20.8,100388,83,0
2019-09-27 07:14:59 CEST,1013,4.9,10.1,20.9,100393,83,0
2019-09-27 07:15:53 CEST,1014,4.8,10,20.9,100386,83,0
2019-09-27 07:16:47 CEST,1015,4.8,10.6,20.8,100391,83,0
2019-09-27 07:17:41 CEST,1016,4.8,11.1,20.8,100388,83,0
2019-09-27 07:18:35 CEST,1017,4.8,11,20.7,100393,83.1,0
2019-09-27 07:19:29 CEST,1018,4.8,12.2,20.7,100396,83.1,0
2019-09-27 07:20:23 CEST,1019,4.7,11.6,20.6,100397,83.1,0
2019-09-27 07:21:17 CEST,1020,4.8,11.7,20.6,100400,83.1,0
2019-09-27 07:22:11 CEST,1021,4.8,12.8,20.5,100400,83.1,0
2019-09-27 07:23:05 CEST,1022,4.8,12.6,20.5,100399,83.1,0
2019-09-27 07:23:59 CEST,1023,4.9,11.9,20.5,100393,83.1,0
2019-09-27 07:24:53 CEST,1024,4.8,11.8,20.5,100394,83.2,0
2019-09-27 07:25:47 CEST,1025,4.8,11.7,20.5,100399,83.2,0
2019-09-27 07:26:41 CEST,1026,4.7,11.6,20.5,100402,83.2,0
2019-09-27 07:27:35 CEST,1027,4.7,11.9,20.5,100400,83.2,0
2019-09-27 07:28:29 CEST,1028,4.7,12,20.6,100403,83.2,0
2019-09-27 07:29:23 CEST,1029,4.7,12.6,20.6,100405,83.2,0
2019-09-27 07:30:17 CEST,1030,4.8,12.7,20.7,100393,83.1,0
2019-09-27 07:31:11 CEST,1031,4.8,12.7,20.7,100405,83.1,0
2019-09-27 07:32:05 CEST,1032,4.8,12.1,20.7,100400,83.1,0
2019-09-27 07:32:59 CEST,1033,4.8,12.1,20.8,100405,83.1,0
2019-09-27 07:33:53 CEST,1034,4.8,12.1,20.8,100405,83.1,0
2019-09-27 07:34:47 CEST,1035,4.8,12.1,20.8,100400,83.2,0
2019-09-27 07:35:41 CEST,1036,4.9,12.5,20.7,100400,83.2,0
2019-09-27 07:36:35 CEST,1037,4.8,11.8,20.6,100406,83.3,0
2019-09-27 07:37:29 CEST,1038,4.8,12,20.6,100393,83.3,0
2019-09-27 07:38:23 CEST,1039,4.8,12,20.7,100402,83.3,0
2019-09-27 07:39:17 CEST,1040,4.8,12.4,20.7,100399,83.3,0
2019-09-27 07:40:11 CEST,1041,4.8,12.9,20.6,100394,83.2,0
2019-09-27 07:41:05 CEST,1042,4.9,13.3,20.6,100408,83.2,0
2019-09-27 07:41:59 CEST,1043,4.9,13.6,20.7,100409,83.2,0
2019-09-27 07:42:53 CEST,1044,4.9,13.7,20.7,100405,83.2,0
2019-09-27 07:43:47 CEST,1045,4.9,13.7,20.7,100406,83.3,0
2019-09-27 07:44:41 CEST,1046,4.9,13.4,20.8,100406,83.2,0
2019-09-27 07:45:35 CEST,1047,4.9,13.5,20.8,100411,83.1,0
2019-09-27 07:46:29 CEST,1048,4.9,12.3,20.8,100406,83.1,0
2019-09-27 07:47:23 CEST,1049,4.9,12.3,20.8,100414,83.1,0
2019-09-27 07:48:17 CEST,1050,4.9,12.2,20.8,100415,83.1,0
2019-09-27 07:49:11 CEST,1051,4.9,11,20.8,100406,83.2,0
2019-09-27 07:50:05 CEST,1052,4.8,10.8,20.8,100408,83.2,0
2019-09-27 07:50:58 CEST,1053,4.8,10.4,20.8,100411,83.2,0
2019-09-27 07:51:52 CEST,1054,4.7,10.2,20.8,100402,83.2,0
2019-09-27 07:52:46 CEST,1055,4.7,10.3,20.8,100409,83.2,0
2019-09-27 07:53:40 CEST,1056,4.7,10.3,20.8,100402,83.1,0
2019-09-27 07:54:34 CEST,1057,4.8,10.2,20.8,100415,83.1,0
2019-09-27 07:55:28 CEST,1058,4.9,10.6,20.8,100403,83.1,0
2019-09-27 07:56:22 CEST,1059,4.9,10.3,20.7,100414,83.1,0
2019-09-27 07:57:16 CEST,1060,4.9,10.3,20.6,100406,83.1,0
2019-09-27 07:58:10 CEST,1061,4.9,10.2,20.6,100402,83,0
2019-09-27 07:59:04 CEST,1062,4.9,9.7,20.5,100416,83,0
2019-09-27 07:59:58 CEST,1063,4.9,9.7,20.5,100416,83,0
2019-09-27 08:00:52 CEST,1064,4.9,10,20.5,100419,83,0
2019-09-27 08:01:46 CEST,1065,4.9,10,20.5,100424,83,0
2019-09-27 08:02:40 CEST,1066,4.9,9.6,20.5,100412,82.9,0
2019-09-27 08:03:34 CEST,1067,4.9,9.9,20.5,100425,82.9,0
2019-09-27 08:04:28 CEST,1068,4.9,9.6,20.6,100411,82.9,0
2019-09-27 08:05:22 CEST,1069,5,9.6,20.6,100425,82.9,0
2019-09-27 08:06:16 CEST,1070,4.9,9,20.6,100425,82.9,0
2019-09-27 08:07:10 CEST,1071,4.9,8.5,20.7,100422,82.9,0
2019-09-27 08:08:03 CEST,1072,4.8,8.1,20.7,100417,82.9,0
2019-09-27 08:08:57 CEST,1073,4.8,7.7,20.7,100423,82.9,0
2019-09-27 08:09:51 CEST,1074,4.9,8,20.8,100435,83,0
2019-09-27 08:10:45 CEST,1075,4.9,7.3,20.8,100420,83,0
2019-09-27 08:11:39 CEST,1076,5,7,20.8,100429,83,0
2019-09-27 08:12:33 CEST,1077,5,7.1,20.8,100429,82.8,0
2019-09-27 08:13:27 CEST,1078,5.1,7.4,20.8,100435,82.8,0
2019-09-27 08:14:21 CEST,1079,5.1,8,20.8,100424,82.8,0
2019-09-27 08:15:15 CEST,1080,5.1,8.4,20.8,100417,82.8,0
2019-09-27 08:16:09 CEST,1081,5.2,9.1,20.8,100420,82.7,0
2019-09-27 08:17:03 CEST,1082,5.2,9.1,20.7,100426,82.7,0
2019-09-27 08:17:57 CEST,1083,5.2,9.1,20.8,100426,82.7,0
2019-09-27 08:18:51 CEST,1084,5.2,9.3,20.8,100430,82.7,0
2019-09-27 08:19:45 CEST,1085,5.2,9.3,20.8,100432,82.7,0
2019-09-27 08:20:39 CEST,1086,5.2,10.1,20.8,100429,82.7,0
2019-09-27 08:21:32 CEST,1087,5.2,10.7,20.8,100436,82.8,0
2019-09-27 08:22:26 CEST,1088,5.1,10.1,20.8,100424,82.8,0
2019-09-27 08:23:20 CEST,1089,5.1,10.4,20.9,100435,82.8,0
2019-09-27 08:24:14 CEST,1090,5,10.2,20.9,100424,82.8,0
2019-09-27 08:25:08 CEST,1091,5.1,10.2,20.9,100432,82.8,0
2019-09-27 08:26:02 CEST,1092,5.1,10.7,20.9,100438,82.8,0
2019-09-27 08:26:56 CEST,1093,5.1,10.7,21,100439,82.9,0
2019-09-27 08:27:50 CEST,1094,5.1,10.6,21,100441,82.9,0
2019-09-27 08:28:44 CEST,1095,5.1,10.9,21,100436,82.9,0
2019-09-27 08:29:38 CEST,1096,5.1,11.6,21,100442,82.9,0
2019-09-27 08:30:32 CEST,1097,5.1,12,21.1,100430,82.9,0
2019-09-27 08:31:26 CEST,1098,5.1,12.2,21.1,100439,82.9,0
2019-09-27 08:32:20 CEST,1099,5.2,12.3,21.1,100442,82.9,0
2019-09-27 08:33:14 CEST,1100,5.3,12.4,21.1,100444,82.9,0
2019-09-27 08:34:08 CEST,1101,5.2,12.3,21.1,100439,82.9,0
2019-09-27 08:35:02 CEST,1102,5.2,12.2,21.1,100441,83,0
2019-09-27 08:35:56 CEST,1103,5.2,12.1,21.1,100447,83,0
2019-09-27 08:36:50 CEST,1104,5,11.7,21.1,100447,83,0
2019-09-27 08:37:44 CEST,1105,5.1,11.6,21.2,100451,83,0
2019-09-27 08:38:38 CEST,1106,5,12.5,21.2,100450,83,0
2019-09-27 08:39:32 CEST,1107,4.9,12.4,21.2,100453,83,0
2019-09-27 08:40:26 CEST,1108,5,12.6,21.2,100454,71,0
2019-09-27 08:41:20 CEST,1109,4.9,12.2,21.3,100451,71,0
2019-09-27 08:42:14 CEST,1110,4.9,11.7,21.3,100450,71,0
2019-09-27 08:43:08 CEST,1111,4.9,11.3,21.3,100451,71.1,0
2019-09-27 08:44:02 CEST,1112,4.9,11.4,21.3,100456,71.1,0
2019-09-27 08:44:56 CEST,1113,4.9,11.4,21.3,100453,71,0
2019-09-27 08:45:50 CEST,1114,4.9,11.6,21.3,100450,71,0
2019-09-27 08:46:44 CEST,1115,4.9,11.8,21.3,100448,71.1,0
2019-09-27 08:47:38 CEST,1116,4.9,11.7,21.4,100454,71,0
2019-09-27 08:48:32 CEST,1117,4.9,11.1,21.4,100449,70.9,0
2019-09-27 08:49:26 CEST,1118,4.9,11.3,21.4,100456,70.9,0
2019-09-27 08:50:20 CEST,1119,5,11,21.5,100447,70.9,0
2019-09-27 08:51:14 CEST,1120,4.9,11,21.5,100447,71,0
2019-09-27 08:52:08 CEST,1121,5,11.3,21.5,100458,70.9,0
2019-09-27 08:53:02 CEST,1122,5,10.8,21.5,100443,70.9,0
2019-09-27 08:53:56 CEST,1123,5,11,21.5,100450,70.8,0
2019-09-27 08:54:50 CEST,1124,4.9,11.3,21.5,100458,70.8,0
2019-09-27 08:55:44 CEST,1125,4.9,11.1,21.5,100449,70.8,0
2019-09-27 08:56:37 CEST,1126,4.9,10.8,21.6,100449,70.8,0
2019-09-27 08:57:31 CEST,1127,4.9,10.3,21.6,100461,70.9,0
2019-09-27 08:58:25 CEST,1128,4.9,10.6,21.6,100456,70.8,0
2019-09-27 08:59:19 CEST,1129,4.8,10.6,21.6,100465,70.7,0
2019-09-27 09:00:13 CEST,1130,4.8,10.6,21.6,100465,70.7,0
2019-09-27 09:43:29 CEST,1131,8.8,15.1,22.2,100489,70.7,0
2019-09-27 09:44:23 CEST,1132,8.8,15,22.3,100484,70.8,0
2019-09-27 09:45:17 CEST,1133,8.9,14.6,22.5,100478,70.9,0
2019-09-27 09:46:11 CEST,1134,8.9,14.6,22.5,100490,70.8,0
2019-09-27 09:47:05 CEST,1135,8.8,14.7,22.5,100493,70.7,0
2019-09-27 09:47:59 CEST,1136,8.9,14.6,22.4,100492,70.7,0
2019-09-27 09:49:27 CEST,1137,8.3,12.7,22.4,100484,70.6,0
2019-09-27 09:50:21 CEST,1138,8.3,12.4,22.4,100475,70.6,0
2019-09-27 09:51:15 CEST,1139,8.3,12.2,22.4,100476,70.6,0
2019-09-27 09:52:09 CEST,1140,8.2,12.6,22.5,100478,70.6,0
2019-09-27 09:53:03 CEST,1141,8.2,12.5,22.4,100478,70.7,0
2019-09-27 09:53:57 CEST,1142,8.2,12.5,22.5,100483,70.8,0
2019-09-27 09:54:51 CEST,1143,8.1,12,22.6,100483,70.7,0
2019-09-27 09:55:45 CEST,1144,8,11.9,22.6,100474,70.6,0
2019-09-27 09:56:39 CEST,1145,8,11.9,22.7,100477,70.6,0
2019-09-27 09:57:46 CEST,1146,8.4,15.7,22.7,100469,70.5,0
2019-09-27 09:58:40 CEST,1147,8.2,15.4,22.7,100472,70.5,0
2019-09-27 09:59:34 CEST,1148,8.1,15.3,22.8,100479,70.5,0
2019-09-27 10:00:25 CEST,1149,8.1,13.9,22.9,100468,70.5,0
2019-09-27 10:01:19 CEST,1150,8.2,13.8,22.8,100477,70.6,0
2019-09-27 10:02:13 CEST,1151,8.2,13.9,22.7,100480,70.5,0
2019-09-27 10:03:07 CEST,1152,8.2,13.9,22.6,100474,70.6,0
2019-09-27 10:04:01 CEST,1153,8.2,12.6,22.7,100475,70.5,0
2019-09-27 10:04:55 CEST,1154,8.2,13,22.7,100469,70.5,0
2019-09-27 10:05:49 CEST,1155,8.3,12.7,22.8,100479,70.4,0
2019-09-27 10:06:43 CEST,1156,8.3,12.8,22.7,100471,70.4,0
2019-09-27 10:07:37 CEST,1157,8.4,13.1,22.7,100475,70.4,0
2019-09-27 10:08:31 CEST,1158,8.4,12.8,22.6,100480,70.4,0
2019-09-27 10:09:25 CEST,1159,8.4,13.5,22.6,100475,70.5,0
2019-09-27 10:10:19 CEST,1160,8.4,13.5,22.5,100474,70.4,0
2019-09-27 10:11:13 CEST,1161,8.5,13.8,22.5,100463,70.4,0
2019-09-27 10:12:07 CEST,1162,8.5,13.6,22.5,100475,70.3,0
2019-09-27 10:13:01 CEST,1163,8.5,14,22.4,100475,70.3,0
2019-09-27 10:13:55 CEST,1164,8.5,14.3,22.3,100470,70.3,0
2019-09-27 10:40:52 CEST,1165,8.5,16,22.5,100456,70.4,0
2019-09-27 10:41:50 CEST,1166,8.9,14.6,22.5,100460,70.5,0
2019-09-27 10:42:44 CEST,1167,8.9,14.4,22.5,100460,70.4,0
2019-09-27 10:43:38 CEST,1168,8.9,14.4,22.5,100468,70.3,0
2019-09-27 11:16:42 CEST,1169,12.8,20.1,22.5,100459,70.3,1
2019-09-27 11:17:39 CEST,1170,12.9,20.2,22.5,100451,70.2,1
2019-09-27 11:18:36 CEST,1171,13,20.4,22.5,100460,70.2,1
2019-09-27 11:22:45 CEST,1172,12.2,18.6,22.5,100445,70.2,0
2019-09-27 11:24:47 CEST,1173,11.7,19.2,22.5,100448,70.2,0
2019-09-27 11:26:20 CEST,1174,10.8,17.5,22.4,100451,70.2,0
2019-09-27 11:27:29 CEST,1175,10.8,13.9,22.4,100454,70.1,0
2019-09-27 11:29:25 CEST,1176,10.6,16.8,22.4,100456,70.1,0
2019-09-27 11:34:53 CEST,1177,9.8,15.1,22.5,100456,70.1,0
2019-09-27 11:36:57 CEST,1178,9.9,15.4,22.6,100448,70.1,0
2019-09-27 11:40:29 CEST,1179,9.9,15.3,22.6,100445,70.2,0
2019-09-27 11:52:18 CEST,1180,9.8,13,22.8,100454,70.1,0
2019-09-27 11:54:08 CEST,1181,9.7,13.2,22.8,100442,70.1,0
2019-09-27 11:55:47 CEST,1182,10,14,22.8,100444,70,0
2019-09-27 12:00:52 CEST,1183,9.3,14.1,22.9,100441,70,0
2019-09-27 12:08:55 CEST,1184,8,12.7,22.9,100437,70,0
2019-09-27 12:11:16 CEST,1185,8.4,14.1,22.9,100437,69.9,0
2019-09-27 12:13:20 CEST,1186,8.4,15.1,23,100437,69.9,0
2019-09-27 12:16:52 CEST,1187,8.5,12,23,100435,70,0
2019-09-27 12:20:44 CEST,1188,7.9,12.6,23,100417,70.1,0
2019-09-27 12:30:01 CEST,1189,7.9,12.7,23.1,100417,70,0
2019-09-27 12:32:27 CEST,1190,7.7,11.5,23.1,100408,70,0
2019-09-27 12:33:47 CEST,1191,7.9,12.4,23.1,100402,69.9,0
2019-09-27 12:37:16 CEST,1192,7.8,11.4,23.1,100408,69.9,0
2019-09-27 13:49:11 CEST,1193,5.4,10.9,23.4,100356,69.9,0
2019-09-27 13:53:25 CEST,1194,4.3,6.8,23.6,100353,69.8,0
2019-09-27 18:01:52 CEST,1195,4.3,6.8,23.6,100353,69.8,0
2019-09-27 19:49:15 CEST,1196,11.9,18.1,23.1,100461,69.8,0
2019-09-28 16:37:13 CEST,1197,13.3,15.5,25.4,100487,65,1
2019-09-28 16:38:10 CEST,1198,13.2,15.2,25.3,100485,65,1
2019-09-28 16:39:07 CEST,1199,13,14.7,25.3,100489,65.1,1
2019-09-28 16:40:04 CEST,1200,12.9,15.5,25.3,100484,65,1
2019-09-28 16:41:01 CEST,1201,12.8,15.1,25.3,100484,65.1,1
2019-09-28 16:41:58 CEST,1202,12.8,15.1,25.3,100490,65.1,1
2019-09-28 16:42:55 CEST,1203,12.6,15.2,25.3,100490,65.1,1
2019-09-28 16:43:52 CEST,1204,12.5,14.5,25.3,100490,64.9,1
2019-09-28 16:44:49 CEST,1205,12.5,14.3,25.2,100492,64.9,1
2019-09-28 16:45:46 CEST,1206,12.5,14,25.3,100493,64.9,1
2019-09-28 16:46:44 CEST,1207,12.4,13.9,25.3,100492,64.8,1
2019-09-28 16:47:41 CEST,1208,12.3,13.8,25.3,100490,64.9,1
2019-09-28 16:48:38 CEST,1209,12.3,13.9,25.3,100495,64.8,1
2019-09-28 16:49:35 CEST,1210,12.4,14,25.3,100504,64.8,1
2019-09-28 16:50:32 CEST,1211,12.4,14,25.3,100493,64.9,1
2019-09-28 16:51:29 CEST,1212,12.4,14,25.2,100495,64.9,1
2019-09-28 16:52:26 CEST,1213,12.4,13.9,25.2,100492,64.9,1
2019-09-28 16:53:23 CEST,1214,12.4,13.9,25.2,100510,64.8,1
2019-09-28 16:54:20 CEST,1215,12.5,14,25.2,100498,64.9,1
2019-09-28 16:55:17 CEST,1216,12.5,14.2,25.2,100507,64.9,1
2019-09-28 16:56:14 CEST,1217,12.6,14.6,25.2,100501,64.8,1
2019-09-28 16:57:11 CEST,1218,12.6,15.2,25.2,100507,64.8,1
2019-09-28 16:58:07 CEST,1219,12.5,15.1,25.2,100507,64.8,1
2019-09-28 16:59:04 CEST,1220,12.6,15,25.2,100505,64.7,1
2019-09-28 17:00:01 CEST,1221,12.5,14.9,25.2,100499,64.7,1
2019-09-28 17:00:58 CEST,1222,12.6,15,25.2,100505,64.7,1
2019-09-28 17:01:55 CEST,1223,12.5,14.5,25.2,100511,64.7,1
2019-09-28 17:02:52 CEST,1224,12.5,15.1,25.2,100505,64.7,1
2019-09-28 17:03:49 CEST,1225,12.4,14.8,25.2,100513,64.7,1
2019-09-28 17:04:46 CEST,1226,12.5,15,25.2,100511,64.6,1
2019-09-28 17:05:43 CEST,1227,12.6,15.1,25.2,100495,64.6,1
2019-09-28 17:06:40 CEST,1228,12.7,15.1,25.2,100501,64.6,1
2019-09-28 17:07:37 CEST,1229,12.8,15.3,25.2,100489,64.7,1
2019-09-28 17:08:34 CEST,1230,12.9,14.6,25.2,100498,64.6,1
2019-09-28 17:09:31 CEST,1231,13,15.5,25.3,100499,64.5,1
2019-09-28 17:10:28 CEST,1232,13.1,15.5,25.3,100498,64.5,1
2019-09-28 17:11:25 CEST,1233,13.1,15.4,25.2,100490,64.5,1
2019-09-28 17:12:22 CEST,1234,13.1,15.7,25.2,100498,64.5,1
2019-09-28 17:13:19 CEST,1235,13,15.6,25.2,100495,64.6,1
2019-09-28 17:14:16 CEST,1236,13,15.8,25.2,100502,64.6,1
2019-09-28 17:15:13 CEST,1237,13,15.8,25.2,100496,64.5,1
2019-09-28 17:16:10 CEST,1238,13.1,15.7,25.2,100504,64.5,1
2019-09-28 17:17:07 CEST,1239,13.2,16,25.2,100507,64.4,1
2019-09-28 17:18:04 CEST,1240,13.1,16,25.2,100502,64.4,1
2019-09-28 17:19:01 CEST,1241,13.2,16,25.2,100504,64.4,1
2019-09-28 17:19:58 CEST,1242,13.2,16,25.2,100516,64.4,1
2019-09-28 17:20:55 CEST,1243,13.2,16,25.3,100508,64.4,1
2019-09-28 17:21:52 CEST,1244,13.2,15.9,25.2,100511,64.4,1
2019-09-28 17:22:49 CEST,1245,13.2,16,25.2,100505,64.3,1
2019-09-28 17:23:46 CEST,1246,13.2,15.6,25.2,100511,64.3,1
2019-09-28 17:24:43 CEST,1247,13.1,15.2,25.2,100511,64.3,1
2019-09-28 17:25:40 CEST,1248,13.2,14.8,25.2,100507,64.4,1
2019-09-28 17:26:37 CEST,1249,13.3,15,25.2,100519,64.4,1
2019-09-28 17:27:34 CEST,1250,13.4,15.5,25.2,100507,64.4,1
2019-09-28 17:28:31 CEST,1251,13.4,16,25.2,100511,64.4,1
2019-09-28 17:29:28 CEST,1252,13.4,16.1,25.2,100511,64.3,1
2019-09-28 17:30:25 CEST,1253,13.5,16.1,25.2,100508,64.3,1
2019-09-28 17:31:22 CEST,1254,13.6,15.5,25.2,100510,64.3,1
2019-09-28 17:32:19 CEST,1255,13.6,15.7,25.2,100510,64.3,1
2019-09-28 17:33:16 CEST,1256,13.6,15.7,25.2,100511,64.4,1
2019-09-28 17:34:13 CEST,1257,13.6,15.5,25.2,100510,64.4,1
2019-09-28 17:35:10 CEST,1258,13.5,15.6,25.2,100502,64.3,1
2019-09-28 17:36:07 CEST,1259,13.5,15.6,25.2,100510,64.3,1
2019-09-28 17:37:04 CEST,1260,13.5,15.6,25.2,100507,64.4,1
2019-09-28 17:38:01 CEST,1261,13.5,15.1,25.2,100517,64.3,1
2019-09-28 17:38:58 CEST,1262,13.5,15.1,25.2,100507,64.3,1
2019-09-28 17:39:55 CEST,1263,13.5,15.1,25.2,100507,64.2,1
2019-09-28 17:40:52 CEST,1264,13.4,15,25.2,100507,64.2,1
2019-09-28 17:41:49 CEST,1265,13.4,15,25.2,100502,64.2,1
2019-09-28 17:42:46 CEST,1266,13.5,15.1,25.2,100505,64.3,1
2019-09-28 17:43:43 CEST,1267,13.5,15.1,25.2,100507,64.3,1
2019-09-28 17:44:40 CEST,1268,13.5,15.1,25.1,100511,64.2,1
2019-09-28 17:45:37 CEST,1269,13.4,15,25.2,100507,64.3,1
2019-09-28 17:46:34 CEST,1270,13.4,15,25.2,100499,64.3,1
2019-09-28 17:47:31 CEST,1271,13.3,14.9,25.2,100508,64.2,1
2019-09-28 17:48:28 CEST,1272,13.3,14.9,25.2,100507,64.2,1
2019-09-28 17:49:25 CEST,1273,13.3,14.9,25.2,100502,64.2,1
2019-09-28 17:50:22 CEST,1274,13.3,14.9,25.1,100504,64.2,1
2019-09-28 17:51:19 CEST,1275,13.3,15,25.1,100510,64.1,1
2019-09-28 17:52:16 CEST,1276,13.3,15.1,25.1,100505,64.1,1
2019-09-28 17:53:13 CEST,1277,13.3,15.1,25.1,100511,64.1,1
2019-09-28 17:54:10 CEST,1278,13.2,15.1,25.2,100513,64.1,1
2019-09-28 17:55:07 CEST,1279,13,14.6,25.2,100514,64.2,1
2019-09-28 17:56:04 CEST,1280,13,14.5,25.1,100510,64.2,1
2019-09-28 17:57:01 CEST,1281,13,14.5,25.1,100514,64.1,1
2019-09-28 17:57:57 CEST,1282,13,14.5,25.1,100513,64.2,1
2019-09-28 17:58:54 CEST,1283,13,14.5,25.1,100517,64.1,1
2019-09-28 17:59:51 CEST,1284,13,14.6,25.2,100513,64.1,1
2019-09-28 18:00:48 CEST,1285,13,14.6,25.1,100505,64.1,1
2019-09-28 18:01:45 CEST,1286,13,15,25.2,100507,64,1
2019-09-28 18:02:42 CEST,1287,13,15.3,25.4,100515,64,1
2019-09-28 18:03:39 CEST,1288,13,15.3,25.3,100513,64.1,1
2019-09-28 18:04:36 CEST,1289,13,15.5,25.2,100502,64.1,1
2019-09-28 18:05:33 CEST,1290,13,15.6,25.2,100508,64.2,1
2019-09-28 18:06:30 CEST,1291,13,16,25.2,100510,64.1,1
2019-09-28 18:07:27 CEST,1292,13,16,25.1,100507,64,1
2019-09-28 18:08:24 CEST,1293,13.1,16.2,25.1,100507,64,1
2019-09-28 18:09:21 CEST,1294,13.1,16.5,25.2,100510,64,1
2019-09-28 18:10:18 CEST,1295,13.2,16.7,25.2,100507,64,1
2019-09-28 18:11:15 CEST,1296,13.2,17,25.1,100505,63.9,1
2019-09-28 18:18:11 CEST,1297,13.8,18.4,25.1,100513,63.9,1
2019-09-28 18:19:08 CEST,1298,13.8,18.3,25.2,100507,63.9,1
2019-09-28 18:20:05 CEST,1299,13.8,18,25.2,100511,63.9,1
2019-09-28 18:21:02 CEST,1300,13.7,18,25.2,100505,64,1
2019-09-28 18:21:59 CEST,1301,13.7,18.1,25.1,100508,64,1
2019-09-28 18:22:56 CEST,1302,13.8,18.3,25.1,100511,63.9,1
2019-09-28 18:23:53 CEST,1303,13.9,18.6,25.1,100508,63.8,1
2019-09-28 18:24:50 CEST,1304,13.8,18.4,25.1,100505,63.9,1
2019-09-28 18:25:47 CEST,1305,13.8,18.3,25.1,100517,63.9,1
2019-09-28 18:26:44 CEST,1306,13.8,18.2,25.1,100511,63.8,1
2019-09-28 18:27:41 CEST,1307,13.7,18,25.1,100505,63.8,1
2019-09-28 18:28:38 CEST,1308,13.9,18.2,25.1,100502,63.8,1
2019-09-28 18:29:35 CEST,1309,14.1,18.1,25.1,100505,63.8,1
2019-09-28 18:30:32 CEST,1310,14.2,18,25.1,100502,63.7,1
2019-09-28 18:31:29 CEST,1311,14.1,17.1,25,100505,63.7,1
2019-09-28 18:32:23 CEST,1312,14,16.9,25,100508,63.7,0
2019-09-28 18:33:20 CEST,1313,14.1,17.2,25,100510,63.8,1
2019-09-28 18:34:17 CEST,1314,14.1,17.2,25,100504,63.7,1
2019-09-28 18:35:14 CEST,1315,14.1,17.1,25.1,100508,63.6,1
2019-09-28 18:36:11 CEST,1316,14.1,17.3,25,100505,63.6,1
2019-09-28 18:37:08 CEST,1317,14.1,17,25.1,100511,63.6,1
2019-09-28 18:38:02 CEST,1318,14,16.8,25,100502,63.7,0
2019-09-28 18:38:59 CEST,1319,14,16.9,25.1,100507,63.8,1
2019-09-28 18:39:53 CEST,1320,14,16.3,25,100517,63.7,0
2019-09-28 18:40:50 CEST,1321,14.1,17.8,25,100514,63.6,1
2019-09-28 18:41:47 CEST,1322,14.1,18,25,100514,63.6,1
2019-09-28 18:42:44 CEST,1323,14.2,18,25,100510,63.5,1
2019-09-28 18:43:41 CEST,1324,14.2,17.6,25,100504,63.5,1
2019-09-28 18:44:38 CEST,1325,14.1,17.4,25,100499,63.5,1
2019-09-28 18:45:35 CEST,1326,14.2,17.5,25,100498,63.5,1
2019-09-28 18:46:32 CEST,1327,14.3,17.8,25,100510,63.6,1
2019-09-28 18:47:29 CEST,1328,14.4,18.8,25,100510,63.6,1
2019-09-28 18:48:26 CEST,1329,14.4,19.3,25,100511,63.5,1
2019-09-28 18:49:23 CEST,1330,14.5,19.2,25,100502,63.6,1
2019-09-28 18:50:20 CEST,1331,14.5,19.2,25,100505,63.5,1
2019-09-28 18:51:17 CEST,1332,14.5,18.9,25,100510,63.5,1
2019-09-28 18:52:14 CEST,1333,14.4,19,25,100508,63.5,1
2019-09-28 18:53:11 CEST,1334,14.4,19.2,25,100508,63.4,1
2019-09-28 18:54:08 CEST,1335,14.3,19.1,25,100505,63.4,1
2019-09-28 18:55:05 CEST,1336,14.3,19.4,25,100510,63.4,1
2019-09-28 18:56:02 CEST,1337,14.3,19.5,25,100510,63.4,1
2019-09-28 18:56:59 CEST,1338,14.2,19.3,25,100504,63.5,1
2019-09-28 18:57:53 CEST,1339,14,19.3,25,100513,63.4,0
2019-09-28 18:58:47 CEST,1340,14,19.7,24.9,100510,63.4,0
2019-09-28 18:59:44 CEST,1341,14.1,19.8,24.9,100514,63.5,1
2019-09-28 19:00:41 CEST,1342,14.2,21.2,24.9,100507,63.5,1
2019-09-28 19:01:38 CEST,1343,14.3,21.2,24.9,100510,63.4,1
2019-09-28 19:02:35 CEST,1344,14.3,20.6,24.9,100508,63.3,1
2019-09-28 19:03:32 CEST,1345,14.3,20.7,24.9,100505,63.3,1
2019-09-28 19:04:29 CEST,1346,14.3,21.6,24.9,100501,63.3,1
2019-09-28 19:05:26 CEST,1347,14.3,21.4,24.9,100505,63.3,1
2019-09-28 19:06:23 CEST,1348,14.3,21.6,24.9,100508,63.4,1
2019-09-28 19:07:20 CEST,1349,14.3,22,25.1,100516,63.5,1
2019-09-28 19:08:17 CEST,1350,14.3,22.3,24.7,100508,63.4,1
2019-09-28 19:09:14 CEST,1351,14.3,20.8,24.8,100508,63.3,1
2019-09-28 19:10:12 CEST,1352,14.3,20.7,24.9,100509,63.3,1
2019-09-28 19:11:09 CEST,1353,14.3,20.7,25.2,100513,63.3,1
2019-09-28 19:12:06 CEST,1354,14.3,21,25.2,100507,63.3,1
2019-09-28 19:13:03 CEST,1355,14.4,21.1,25.3,100514,63.4,1
2019-09-28 19:14:00 CEST,1356,14.4,21.3,25.3,100509,63.3,1
2019-09-28 19:14:57 CEST,1357,14.3,21.1,25.2,100514,63.2,1
2019-09-28 19:15:54 CEST,1358,14.4,20.8,25.2,100522,63.2,1
2019-09-28 19:16:51 CEST,1359,14.5,20.5,25.1,100516,63.2,1
2019-09-28 19:17:48 CEST,1360,14.4,20.8,25.1,100516,63.2,1
2019-09-28 19:19:28 CEST,1361,21.8,28.9,25.1,100516,63.3,1
2019-09-28 19:20:25 CEST,1362,21.9,29.2,25,100520,63.3,1
2019-09-28 19:21:22 CEST,1363,22,29.3,25,100528,63.4,1
2019-09-28 19:22:19 CEST,1364,21.8,29.2,24.9,100519,63.3,1
2019-09-28 19:23:16 CEST,1365,21.8,28.7,25.3,100520,63.2,1
2019-09-28 19:24:13 CEST,1366,21.7,27.5,25.4,100522,63.2,1
2019-09-28 19:25:10 CEST,1367,21.7,27.6,25.3,100516,63.2,1
2019-09-28 19:26:08 CEST,1368,21.7,27.2,25.1,100519,63.1,1
2019-09-28 19:27:05 CEST,1369,21.8,27.4,25.1,100519,63.1,1
2019-09-28 19:28:02 CEST,1370,21.8,27.1,25,100513,63.1,1
2019-09-28 19:28:59 CEST,1371,21.8,26.8,25,100517,63.1,1
2019-09-28 19:29:56 CEST,1372,21.8,27.3,24.9,100522,63,1
2019-09-28 19:30:53 CEST,1373,21.9,27.4,25,100525,63,1
2019-09-28 19:31:50 CEST,1374,21.9,27.3,24.9,100523,63,1
2019-09-28 19:32:47 CEST,1375,22,27.7,25,100520,62.9,1
2019-09-28 19:33:44 CEST,1376,21.9,27.7,25,100517,62.9,1
2019-09-28 19:34:41 CEST,1377,21.9,28,25,100529,62.9,1
2019-09-28 19:35:38 CEST,1378,21.9,28.2,25,100531,63,1
2019-09-28 19:36:35 CEST,1379,21.9,28.3,25,100522,63,1
2019-09-28 19:37:32 CEST,1380,22.1,28.2,25,100537,62.9,1
2019-09-28 19:38:29 CEST,1381,22,28.1,25.1,100528,62.9,1
2019-09-28 19:39:26 CEST,1382,21.9,28,25.1,100526,62.8,1
2019-09-28 19:40:23 CEST,1383,21.9,27.6,25,100526,62.8,1
2019-09-28 19:41:20 CEST,1384,22,27.4,25,100528,62.8,1
2019-09-28 19:42:17 CEST,1385,22.2,28,25,100517,62.9,1
2019-09-28 19:43:14 CEST,1386,22.2,27.6,25.3,100536,62.8,1
2019-09-28 19:44:11 CEST,1387,22.3,27.6,25.1,100522,62.8,1
2019-09-28 19:45:08 CEST,1388,22.4,27.8,25,100532,62.7,1
2019-09-28 19:46:05 CEST,1389,22.4,27.5,25,100526,62.7,1
2019-09-28 19:47:02 CEST,1390,22.5,27.9,24.9,100535,62.7,1
2019-09-28 19:47:59 CEST,1391,22.5,27.9,24.9,100531,62.8,1
2019-09-28 19:48:56 CEST,1392,22.4,27.7,24.9,100529,62.9,1
2019-09-28 19:49:53 CEST,1393,22.5,27.9,24.9,100529,62.8,1
2019-09-28 19:50:50 CEST,1394,22.4,27.8,24.8,100533,62.7,1
2019-09-28 19:51:47 CEST,1395,22.6,28.7,24.9,100533,62.7,1
2019-09-28 19:52:44 CEST,1396,22.5,28.5,24.8,100529,62.6,1
2019-09-28 19:53:41 CEST,1397,22.5,28.8,24.8,100532,62.6,1
2019-09-28 19:54:38 CEST,1398,22.6,29,24.8,100527,62.5,1
2019-09-28 19:55:35 CEST,1399,22.6,29,24.9,100527,62.5,1
2019-09-28 19:56:32 CEST,1400,22.8,29.5,24.9,100529,62.4,1
2019-09-28 20:00:19 CEST,1402,20.3,31.3,24.9,100532,62.4,1
2019-09-28 20:01:16 CEST,1403,20.3,31.1,24.9,100524,62.3,1
2019-09-28 20:02:13 CEST,1404,20.2,31.1,24.9,100524,62.3,1
2019-09-28 20:03:39 CEST,1405,19.6,28.9,24.9,100530,62.2,1
2019-09-28 20:04:36 CEST,1406,19.6,28.7,24.9,100532,62.2,1
2019-09-28 20:05:33 CEST,1407,19.5,28.6,24.9,100531,62.2,1
